{
"type": "FeatureCollection",
"name": "tracks",
"crs": { "type": "name", "properties": { "name": "urn:ogc:def:crs:OGC:1.3:CRS84" } },
"features": [
{"type":"Feature","properties":{"name":"vevey-aigle"},"geometry":{"type":"MultiLineString","coordinates":[[[6.909200623398647,46.430500450544059,374.199996948242188],[6.909296192461625,46.430439725983888,374.099990844726562],[6.909391770139337,46.430378101766109,374.099990844726562],[6.909487338503823,46.430317376973107,374.099990844726562],[6.909584207925946,46.430256658000872,374.099990844726562],[6.909679776057601,46.43019593320787,374.099990844726562],[6.90977535280399,46.43013430852443,374.099990844726562],[6.90987091162242,46.430074482923374,374.099990844726562],[6.909966487903148,46.430012858239934,374.099990844726562],[6.910062055336311,46.429952132981271,374.199996948242188],[6.910157622303814,46.429891407489777,374.199996948242188],[6.91025319811888,46.429829782573506,374.199996948242188],[6.910350065678358,46.429769063135609,374.199996948242188],[6.910445631947368,46.429708337644115,374.29998779296875],[6.910541189368814,46.429648511344567,374.199996948242188],[6.910636764252558,46.429586886195466,374.199996948242188],[6.910732338903472,46.429525260813534,374.399993896484375],[6.910827895626426,46.429465434281155,374.599990844726562],[6.910923469811678,46.429403808899224,374.79998779296875],[6.911055689211935,46.429319864604622,375.0],[6.911165441619232,46.429271798580885,374.899993896484375],[6.911275202641264,46.429222832899541,374.399993896484375],[6.9113849545829,46.429174766642973,374.099990844726562],[6.911494706291705,46.429126700619236,374.199996948242188],[6.911604449152946,46.429079533787444,374.29998779296875],[6.91171421809122,46.429029668215662,374.199996948242188],[6.91182396071963,46.42898250115104,374.399993896484375],[6.911904977401718,46.428945995401591,374.5],[6.912030120613053,46.428920489735901,374.5],[6.912153962766752,46.428894978016615,374.29998779296875],[6.912279105745256,46.428869472118095,374.0],[6.912374274805188,46.428849224234,374.0],[6.912374274805188,46.428849224234,374.0],[6.912502944236621,46.4288624166511,374.099990844726562],[6.912631605053321,46.428876508492976,374.199996948242188],[6.912760283332318,46.428888801019639,374.29998779296875],[6.912888944149017,46.428902892628685,374.399993896484375],[6.913017614046112,46.428916084347293,374.5],[6.913146283710375,46.428929276065901,374.5],[6.91328405123204,46.428943409351632,374.599990844726562],[6.913414100650698,46.428948510903865,374.699996948242188],[6.913544176379219,46.428950913483277,374.399993896484375],[6.913635215256363,46.428954034578055,374.0],[6.913757197326049,46.428986085578799,373.699996948242188],[6.913946653716266,46.429036441026255,373.699996948242188],[6.914060725830495,46.42907925019972,373.699996948242188],[6.914174789562821,46.429122958797961,373.599990844726562],[6.914288862142712,46.429165767738596,373.699996948242188],[6.914402926340699,46.429209476104006,373.79998779296875],[6.91451699915342,46.42925228481181,373.699996948242188],[6.914620699826628,46.429291446926072,373.599990844726562],[6.91471769544296,46.429351268569008,373.599990844726562],[6.914814691059291,46.429411089979112,373.5],[6.914911687141284,46.429470911156386,373.5],[6.91500866599381,46.429532531416044,373.5],[6.915105671156198,46.429591453168541,373.5],[6.915202667936683,46.429651274112985,373.5],[6.915280263638124,46.429699310800061,373.5],[6.915393020026386,46.429743911838159,373.699996948242188],[6.915507077472284,46.429788518697023,373.899993896484375],[6.915619842940941,46.429832219844684,373.899993896484375],[6.915732599794865,46.42987682018429,373.79998779296875],[6.915837585926056,46.429917786503211,373.899993896484375],[6.915967690059915,46.429917487781495,373.899993896484375],[6.916097811656073,46.429915389977396,373.899993896484375],[6.916227924404666,46.429914191365242,374.0],[6.916358037153259,46.429912992753088,373.899993896484375],[6.916475140489638,46.429911733837798,373.79998779296875],[6.916600266238675,46.429888022365049,373.79998779296875],[6.916726693045348,46.429864316713065,373.79998779296875],[6.916851810179651,46.429841504432261,373.699996948242188],[6.916976944310591,46.429816892836243,373.599990844726562],[6.917102069826797,46.429793180897832,373.599990844726562],[6.917228496167809,46.429769474547356,373.699996948242188],[6.917353621451184,46.429745762376115,373.79998779296875],[6.917478746501729,46.429722049739212,373.79998779296875],[6.91760517260991,46.429698343155906,373.899993896484375],[6.917730288812891,46.429675529943779,373.899993896484375],[6.917855422478169,46.429650917416438,373.899993896484375],[6.917981848120689,46.429627210367471,373.899993896484375],[6.918106972705573,46.429603497264907,374.0],[6.918232088442892,46.429580683587119,374.0],[6.918357212794945,46.429556970018893,374.0],[6.918483638204634,46.429533262504265,374.099990844726562],[6.918608753709123,46.429510448360816,374.199996948242188],[6.918756045633927,46.42948143882677,374.199996948242188],[6.918859347235411,46.429427038645372,374.099990844726562],[6.918962648836896,46.429372638463974,374.0],[6.919067250797525,46.429318244336173,373.899993896484375],[6.919170551933348,46.429263843921944,373.899993896484375],[6.919273852836341,46.429209443507716,373.899993896484375],[6.919377153506503,46.429155043093488,373.899993896484375],[6.919480453943834,46.429100642446429,374.0],[6.919553677318618,46.429062296170741,374.0],[6.919638893799856,46.428994318703189,373.899993896484375],[6.919725402258337,46.428927246714011,373.79998779296875],[6.919810618273914,46.428859269246459,373.899993896484375],[6.919894507154822,46.42879398423247,374.199996948242188],[6.919957710662857,46.428715110756457,374.29998779296875],[6.920022205915302,46.428637142758816,374.199996948242188],[6.920085408957675,46.428558269049972,374.29998779296875],[6.920148603152484,46.428480294998735,374.5],[6.920213106554002,46.428401427343488,374.399993896484375],[6.920276300283149,46.42832345305942,374.199996948242188],[6.920340794837102,46.428245484828949,374.0],[6.920403988100588,46.428167510544881,374.0],[6.920467198593542,46.42808773717843,374.099990844726562],[6.920531692449003,46.428009768715128,374.0],[6.920594894094393,46.427930894773453,374.0],[6.920658086659387,46.427852920489386,374.0],[6.920722588663921,46.427774052368477,374.0],[6.920785780996084,46.427696077851579,374.0],[6.920850282534957,46.4276172099635,374.099990844726562],[6.92091347463429,46.427539235446602,374.199996948242188],[6.920976674882695,46.427460361272097,374.29998779296875],[6.921041167341173,46.427382392575964,374.199996948242188],[6.921104358742014,46.427304417826235,374.199996948242188],[6.921167549910024,46.427226443309337,374.199996948242188],[6.921232059132308,46.427146675530821,374.29998779296875],[6.921295249834657,46.427068700781092,374.399993896484375],[6.921359749976546,46.426989832194522,374.29998779296875],[6.921422949060798,46.426910957787186,374.199996948242188],[6.921486139297485,46.426832983037457,374.199996948242188],[6.921550638973713,46.426754114450887,374.199996948242188],[6.92161382897757,46.426676139701158,374.199996948242188],[6.921677027130499,46.426597265060991,374.199996948242188],[6.921741517726332,46.426519296132028,374.29998779296875],[6.921804715646431,46.426440421491861,374.399993896484375],[6.921869205776602,46.426362452330068,374.5],[6.921932394616306,46.426284477347508,374.399993896484375],[6.921932394616306,46.426284477347508,374.399993896484375],[6.92199558345601,46.426206502132118,374.199996948242188],[6.922060090117157,46.42612673365511,374.29998779296875],[6.92212327872403,46.42604875843972,374.29998779296875],[6.922171985730529,46.425988708855584,374.29998779296875],[6.922250123228878,46.425980069674551,374.599990844726562],[6.922368149738759,46.426017491146922,374.899993896484375],[6.922509523341432,46.426062215352431,375.0],[6.92258437583223,46.425988791044801,374.899993896484375],[6.922659228323027,46.425915366737172,374.899993896484375],[6.922734088962898,46.425841042539105,374.899993896484375],[6.9228089323733,46.425768517656252,375.099990844726562],[6.922864099964499,46.425712994998321,375.29998779296875],[6.922917248681188,46.425596291664988,375.099990844726562],[6.922847722657025,46.425520409829915,374.699996948242188],[6.92277818848379,46.425445427652448,374.5],[6.922685496741906,46.425343352137133,374.399993896484375],[6.922701955772936,46.425254368688911,374.29998779296875],[6.922712962841615,46.425191448070109,374.29998779296875],[6.922780051827431,46.425113490317017,374.199996948242188],[6.922848424408585,46.425037337467074,374.099990844726562],[6.922915504314005,46.424960279138759,374.099990844726562],[6.922983885044232,46.424883226631209,374.099990844726562],[6.92302860179916,46.424832154298201,374.099990844726562],[6.923120277235284,46.424767802003771,374.29998779296875],[6.923211943591014,46.424704349366948,374.399993896484375],[6.923303618561476,46.424639996839687,374.29998779296875],[6.923393975244835,46.424577437574044,374.199996948242188],[6.92348565813154,46.424512185389176,374.199996948242188],[6.92356553953141,46.424456774955615,374.399993896484375],[6.923636494437233,46.424382432596758,374.699996948242188],[6.92373634991236,46.424278535647318,374.699996948242188],[6.92375022242777,46.424187740776688,374.399993896484375],[6.923762777121738,46.424098739400506,374.199996948242188],[6.923776641022414,46.424008844187483,374.199996948242188],[6.923789195716381,46.423919842811301,374.199996948242188],[6.92380584939383,46.423810169566423,374.199996948242188],[6.923804103629664,46.423720203340054,374.199996948242188],[6.923801057040691,46.423630231292918,374.199996948242188],[6.923799311043695,46.42354026529938,374.199996948242188],[6.923796350136399,46.423441297840327,374.199996948242188],[6.923777685267851,46.423352154204622,374.29998779296875],[6.923759020632133,46.423263010801747,374.29998779296875],[6.923740355996415,46.423173867166042,374.29998779296875],[6.92372167436406,46.423086522845551,374.29998779296875],[6.923701717751101,46.422996473731473,374.29998779296875],[6.923683053115383,46.422907330328599,374.29998779296875],[6.923664388945326,46.422818186692894,374.29998779296875],[6.923645724542439,46.422729043057188,374.199996948242188],[6.923627060372382,46.422639899654314,374.199996948242188],[6.923608387587592,46.422551655676216,374.099990844726562],[6.923589714802802,46.422463411465287,374.099990844726562],[6.923571059247479,46.422373368404806,374.099990844726562],[6.923551094485447,46.422284218948334,374.099990844726562],[6.923532430548221,46.422195075312629,374.099990844726562],[6.923513766843826,46.422105931909755,374.099990844726562],[6.9234951029066,46.42201678827405,374.099990844726562],[6.923476422205567,46.421929443953559,374.29998779296875],[6.923447797540575,46.421793476678431,374.399993896484375],[6.923453848343343,46.421704445499927,374.29998779296875],[6.923459907760844,46.421614514896646,374.199996948242188],[6.923465975560248,46.421523684868589,374.29998779296875],[6.923472034977749,46.421433754265308,374.399993896484375],[6.92347809439525,46.421343823662028,374.79998779296875],[6.923484153579921,46.421253893058747,375.0],[6.923490204382688,46.421164862113073,375.099990844726562],[6.923493328038603,46.421110001625493,374.5],[6.923521482618526,46.421021970687434,373.899993896484375],[6.923549637198448,46.420933939982206,374.29998779296875],[6.923573769861832,46.420858484925702,374.79998779296875],[6.923644728725776,46.420783243142068,374.699996948242188],[6.923715687356889,46.420708001125604,374.599990844726562],[6.923787946579978,46.420632764929906,374.5],[6.923836570000276,46.420580810401589,374.5],[6.923929520649835,46.420518262544647,374.399993896484375],[6.924022479914129,46.420454815030098,374.29998779296875],[6.924115430098027,46.420392266940325,374.29998779296875],[6.924208388896659,46.420328819192946,374.099990844726562],[6.924301338614896,46.420266271103173,374.0],[6.924394296947867,46.420202823122963,374.0],[6.924487246433273,46.42014027480036,374.0],[6.924580204300582,46.42007682682015,374.0],[6.924673153320327,46.420014278264716,374.0],[6.924764809897169,46.419950824230909,373.899993896484375],[6.924857758451253,46.419888275675476,373.899993896484375],[6.924950715620071,46.419824827462435,374.0],[6.925043663708493,46.41976227867417,374.0],[6.925136620178819,46.419698830228299,373.899993896484375],[6.92522956803441,46.419636281207204,373.899993896484375],[6.925322524039075,46.419572832528502,373.899993896484375],[6.925415471429005,46.419510283507407,374.0],[6.925508426968008,46.419446834828705,374.0],[6.925601373892277,46.419384285574779,374.0],[6.92569432919845,46.419320836663246,374.0],[6.925813460024074,46.41924041416496,374.0],[6.925938574364409,46.419214893365279,373.899993896484375],[6.926074102520943,46.41918851970695,373.599990844726562],[6.926181262359023,46.419135929783806,373.399993896484375],[6.926181262359023,46.419135929783806,373.399993896484375],[6.92628710414283,46.41908513288945,373.399993896484375],[6.926394254900515,46.419033442158252,373.399993896484375],[6.926501397043467,46.418982651084661,373.29998779296875],[6.926608547568321,46.418930960120633,373.199996948242188],[6.926714397035539,46.418879263335839,373.199996948242188],[6.926871194504201,46.418804407818243,373.399993896484375],[6.926938261138275,46.418727347161621,373.5],[6.927005327539518,46.418650286504999,373.5],[6.927072393707931,46.418573225615546,373.5],[6.927138159051538,46.418496158905327,373.899993896484375],[6.927205224754289,46.418419098015875,374.099990844726562],[6.927272298838943,46.418341137701645,373.79998779296875],[6.927339364308864,46.418264076579362,373.5],[6.927384071517736,46.418213002383709,373.599990844726562],[6.927410917822272,46.418124964926392,373.79998779296875],[6.927437763893977,46.418036927236244,374.0],[6.927464609965682,46.417948889546096,374.29998779296875],[6.927491456037387,46.417860851855949,374.599990844726562],[6.927518301876262,46.417772814165801,374.5],[6.927545147482306,46.417684776242822,373.899993896484375],[6.92757199308835,46.417596738319844,373.29998779296875],[6.927597538102418,46.4175086945761,373.099990844726562],[6.927624383708462,46.417420657118782,374.099990844726562],[6.927651220932603,46.417333519319072,376.099990844726562],[6.927678066538647,46.417245481861755,377.5],[6.927706254879013,46.41715295240283,378.5],[6.927714908262715,46.417063033441082,379.399993896484375],[6.927724861772731,46.416973120300099,379.5],[6.927733506308869,46.416884100763127,379.29998779296875],[6.927743460051715,46.416794187389314,379.099990844726562],[6.927752112969756,46.416704268194735,378.599990844726562],[6.927762066479772,46.416614355053753,378.399993896484375],[6.927770719397813,46.416524436092004,379.29998779296875],[6.927777817007154,46.416461497545242,379.699996948242188],[6.927776064490899,46.416371531086043,378.0],[6.927773019997403,46.41628065914847,375.599990844726562],[6.927771267713979,46.4161906929221,374.79998779296875],[6.92776821507141,46.416100721107796,375.599990844726562],[6.927779469173402,46.41601081402041,376.79998779296875],[6.92779071489349,46.415921806357801,377.79998779296875],[6.927801968762651,46.415831899037585,378.199996948242188],[6.927813222864643,46.415741991717368,378.29998779296875],[6.92782446811907,46.415652983821929,378.199996948242188],[6.927835721988231,46.415563076501712,378.0],[6.927846975857392,46.415473169181496,377.79998779296875],[6.927856920519844,46.41538415546529,377.599990844726562],[6.927866720827296,46.415310433832929,377.399993896484375],[6.927862367359921,46.415220456197858,377.79998779296875],[6.927858014125377,46.415130478562787,379.0],[6.927853660890833,46.415040501160547,380.899993896484375],[6.927849307656288,46.414950523758307,382.699996948242188],[6.927844962803647,46.414859646465629,383.199996948242188],[6.927884320029989,46.414823840605095,382.79998779296875],[6.927859496558085,46.414697787025943,382.29998779296875],[6.92787984572351,46.414608820341527,381.599990844726562],[6.92790149548091,46.414519859245047,381.0],[6.927927241893485,46.4144102265127,380.29998779296875],[6.927976152859628,46.414326785830781,379.599990844726562],[6.928023762768134,46.414243339560926,379.0],[6.928072673501447,46.414159899111837,378.5],[6.928125553298742,46.414069279795513,378.0],[6.928126147249714,46.414006311679259,377.599990844726562],[6.928256246959791,46.414002400822937,377.5],[6.928334323922172,46.413998255040497,377.399993896484375],[6.92843630281277,46.413942041341215,377.199996948242188],[6.928536980878562,46.413885821588337,377.0],[6.928608876885846,46.413847463671118,376.699996948242188],[6.928669465705752,46.413766774348915,376.29998779296875],[6.928731338120997,46.413687889929861,375.899993896484375],[6.928791918326169,46.413608100032434,375.599990844726562],[6.928853790275753,46.41352921561338,375.5],[6.928914370248094,46.413449425948784,375.399993896484375],[6.928976233582944,46.413371440954506,375.399993896484375],[6.929036821471527,46.413290751399472,375.399993896484375],[6.929098692722619,46.413211866980419,375.29998779296875],[6.929159271996468,46.413132077082992,375.199996948242188],[6.929221142781898,46.413053192431107,375.099990844726562],[6.92930673668161,46.412941130110994,374.899993896484375],[6.929378969362006,46.412866789847612,374.79998779296875],[6.92945120180957,46.412792449817061,374.79998779296875],[6.929524743231013,46.412717215716839,374.79998779296875],[6.929596975212917,46.412642875453457,374.79998779296875],[6.929669206961989,46.412568535190076,374.79998779296875],[6.929741447092965,46.412493295501918,374.899993896484375],[6.929814987583086,46.412418061401695,375.0],[6.929887218866497,46.412343720905483,374.899993896484375],[6.929959449917078,46.412269380409271,374.79998779296875],[6.930029054405168,46.412197726778686,374.79998779296875],[6.930066272150725,46.412112433696166,374.599990844726562],[6.930103506660089,46.412025341764092,374.29998779296875],[6.930140732554719,46.411939149256796,374.199996948242188],[6.930176658090204,46.411852950695902,374.099990844726562],[6.930213883752003,46.411766758188605,374.099990844726562],[6.930251101031899,46.411681465106085,373.699996948242188],[6.930294989608228,46.41157821030356,373.29998779296875],[6.930341301718727,46.41149385785684,373.599990844726562],[6.930388905806467,46.411410410655662,373.899993896484375],[6.930388905806467,46.411410410655662,373.899993896484375],[6.930435217684135,46.411326058208942,373.79998779296875],[6.930482812924311,46.411243510432541,373.899993896484375],[6.930529132951051,46.411158258328214,374.0],[6.930576736340299,46.411074810894206,374.0],[6.930625690845773,46.410985972266644,374.099990844726562],[6.930647334549576,46.410897010937333,374.099990844726562],[6.930668969871476,46.410808949032798,374.199996948242188],[6.930689313216135,46.410719981882721,374.29998779296875],[6.930710956687108,46.410631020320579,374.099990844726562],[6.93073260015808,46.410542058991268,373.699996948242188],[6.93075423524715,46.410453997086734,373.699996948242188],[6.930775878718123,46.410365035757422,374.199996948242188],[6.930797521956265,46.410276074428111,374.399993896484375],[6.930817864835262,46.410187107045203,374.099990844726562],[6.930839499458671,46.410099045140669,373.899993896484375],[6.930861142696813,46.410010083811358,374.399993896484375],[6.930882785702124,46.409921122482046,375.0],[6.930909849936143,46.409808796364814,375.29998779296875],[6.930917196208611,46.409718871116638,375.099990844726562],[6.930924542248249,46.409628945868462,374.699996948242188],[6.930931888287887,46.409539020620286,374.5],[6.930939225712791,46.409449995029718,374.29998779296875],[6.930946571752429,46.409360069781542,374.29998779296875],[6.930955218384042,46.409270150354132,374.29998779296875],[6.93096256419085,46.409180225338787,374.29998779296875],[6.930969910230488,46.409090300090611,374.199996948242188],[6.930977256037295,46.409000374842435,374.099990844726562],[6.930983132915571,46.408928434597328,374.199996948242188],[6.930983976460993,46.408838480245322,374.199996948242188],[6.930984820239246,46.408748525893316,374.199996948242188],[6.930985672166571,46.408657672116533,374.199996948242188],[6.930986515944824,46.408567717764527,374.199996948242188],[6.930987612577155,46.408450776943937,374.199996948242188],[6.930974142858759,46.40836165798828,374.199996948242188],[6.930960681755096,46.408271639375016,374.199996948242188],[6.930947203654796,46.408183420076966,374.199996948242188],[6.930935043143108,46.408093407284468,374.29998779296875],[6.930914226686582,46.407955677947029,374.5],[6.930886435788125,46.407868293812498,374.29998779296875],[6.930857352912426,46.407780004199594,374.099990844726562],[6.930829553632066,46.40769351972267,374.099990844726562],[6.930801779730245,46.407604336272925,374.099990844726562],[6.930772688705474,46.407516946317628,374.099990844726562],[6.930744906654581,46.407428662758321,374.29998779296875],[6.930717116221786,46.40734127862379,374.599990844726562],[6.930674151517451,46.40720794769004,374.699996948242188],[6.930618993705139,46.407126737525687,374.5],[6.930563835892826,46.407045527361333,374.199996948242188],[6.930508686695248,46.406963417772204,374.0],[6.930453529348597,46.40688220760785,373.899993896484375],[6.93039838061668,46.406800098018721,373.899993896484375],[6.930343223502859,46.406718887854367,373.899993896484375],[6.93028806662187,46.406637677690014,373.79998779296875],[6.930234210332856,46.406556473346427,373.899993896484375],[6.9301790620666,46.406474363524467,373.899993896484375],[6.930123905651271,46.406393153127283,373.79998779296875],[6.930068749468774,46.40631194296293,373.699996948242188],[6.93001360190101,46.406229833140969,373.699996948242188],[6.929958437569439,46.406149522168562,373.699996948242188],[6.929903290234506,46.406067412346601,373.699996948242188],[6.929848143132403,46.405985302524641,373.79998779296875],[6.929792987648398,46.405904091894627,373.79998779296875],[6.929737832397223,46.405822881497443,373.899993896484375],[6.929682685993612,46.405740771442652,373.899993896484375],[6.929627522593364,46.405660460470244,373.899993896484375],[6.929572376189753,46.405578350415453,374.0],[6.929517230251804,46.405496240360662,374.199996948242188],[6.929463376058266,46.405415035784245,374.5],[6.929408221971244,46.40533382515423,374.79998779296875],[6.929353076266125,46.405251715099439,375.099990844726562],[6.929314590059221,46.405195767758414,375.0],[6.929254226386547,46.405115433270112,375.099990844726562],[6.929195154923946,46.405036004027352,375.599990844726562],[6.929134791484103,46.404955669539049,375.699996948242188],[6.929075720254332,46.404876240296289,375.699996948242188],[6.92901535728015,46.404795905575156,375.79998779296875],[6.92895628628321,46.404716476332396,375.79998779296875],[6.928895923774689,46.404636141611263,375.79998779296875],[6.92883685301058,46.404556712135673,375.899993896484375],[6.92877649073489,46.404476377414539,375.899993896484375],[6.928716120310128,46.404396942118183,375.899993896484375],[6.92865705024451,46.404317512642592,375.899993896484375],[6.928596688434482,46.404237177688628,375.899993896484375],[6.928537627216429,46.404156848555431,375.699996948242188],[6.928477257257327,46.404077413026243,375.79998779296875],[6.928418196272105,46.403997083893046,375.899993896484375],[6.928357826778665,46.403917648363858,375.79998779296875],[6.928298766259104,46.403837319230661,375.899993896484375],[6.928238397231326,46.403757883701473,375.899993896484375],[6.928178028203547,46.403678448172286,376.0],[6.928118968149647,46.403598118806258,376.099990844726562],[6.928058607969433,46.403517783619463,376.199996948242188],[6.927999539766461,46.403438353911042,376.29998779296875],[6.927939180051908,46.403358018724248,376.5],[6.927889095619321,46.403291223570704,376.599990844726562],[6.927816982381046,46.403216232545674,376.79998779296875],[6.927816982381046,46.403216232545674,376.79998779296875],[6.927744869375601,46.403141241753474,377.0],[6.927672748221084,46.40306715038605,377.199996948242188],[6.927592910127714,46.402984027983621,377.0],[6.927466592984274,46.403003247920424,376.099990844726562],[6.927338967099786,46.403023361461237,375.199996948242188],[6.927212641574442,46.403043480589986,374.699996948242188],[6.927085032453761,46.403061794815585,374.5],[6.926967825973406,46.403080155840144,374.399993896484375],[6.926855107070878,46.403036466101184,374.29998779296875],[6.926741096423939,46.402991870651022,374.29998779296875],[6.926628386368975,46.402947281021625,374.5],[6.926515676546842,46.402902691392228,374.699996948242188],[6.926401657983661,46.402858995134011,374.899993896484375],[6.926288948627189,46.402814405271783,374.79998779296875],[6.926177531015128,46.402770720655099,374.79998779296875],[6.926093658432364,46.402701972518116,374.899993896484375],[6.926008477341384,46.402634117752314,375.0],[6.925924605224282,46.402565369382501,375.0],[6.925839415984228,46.402498414274305,374.899993896484375],[6.925755552947521,46.402428766246885,374.899993896484375],[6.925670372555032,46.402360911481082,375.0],[6.925586501369253,46.402292162878439,375.099990844726562],[6.9255064886529,46.402227929560468,375.199996948242188],[6.925383979920298,46.402257059933618,375.099990844726562],[6.925260179210454,46.402285284828395,374.899993896484375],[6.925167645094916,46.402307354379445,374.699996948242188],[6.92511648661457,46.402217163704336,374.5],[6.925242819357663,46.402196147246286,373.899993896484375],[6.925324874231592,46.402182126184925,373.599990844726562],[6.925241003511474,46.402113377349451,373.5],[6.925157124642283,46.402045527938753,373.29998779296875],[6.925092613790184,46.401992159662768,373.199996948242188],[6.925070045050234,46.401903898222372,373.199996948242188],[6.925054970663041,46.401848055655137,372.899993896484375],[6.925087004899979,46.401760941371322,372.399993896484375],[6.925117739010602,46.401673821499571,372.5],[6.925149781862274,46.40158580802381,373.0],[6.925181816099212,46.401498694205657,373.199996948242188],[6.925212541362271,46.401412473525852,372.899993896484375],[6.925244583748281,46.401324460050091,372.5],[6.925275317393243,46.40123733994551,372.599990844726562],[6.92530735116452,46.401150225894526,373.0],[6.92533939355053,46.401062212418765,373.29998779296875],[6.925370126729831,46.400975092547014,373.29998779296875],[6.925415512407199,46.400851156096905,373.399993896484375],[6.925418965751305,46.400761213619262,373.399993896484375],[6.925422418862581,46.400671270908788,373.399993896484375],[6.925424571847543,46.400581322610378,373.29998779296875],[6.92542802519165,46.400491380132735,373.29998779296875],[6.925431478302926,46.400401437422261,373.29998779296875],[6.92543337540701,46.400338475359604,373.29998779296875],[6.925416016252711,46.400249338010326,373.199996948242188],[6.925398657098413,46.400160200661048,373.199996948242188],[6.925381297944114,46.400071063311771,373.199996948242188],[6.925362638663501,46.399981919908896,373.29998779296875],[6.925346537260339,46.399897286202759,373.29998779296875],[6.925308340461925,46.399811652489007,373.29998779296875],[6.925270152278244,46.399725119350478,373.29998779296875],[6.925230655586347,46.39963947981596,373.199996948242188],[6.925192459020764,46.399553846102208,373.199996948242188],[6.925154271302745,46.399467312963679,373.199996948242188],[6.925116075202823,46.399381679249927,373.199996948242188],[6.925077879102901,46.399296045536175,373.199996948242188],[6.925038382876664,46.399210406001657,373.29998779296875],[6.925000195624307,46.399123872630298,373.399993896484375],[6.924939082469791,46.398986858781427,373.5],[6.925030950922519,46.398897317703813,373.699996948242188],[6.924995364388451,46.398810796206817,373.79998779296875],[6.924958477495238,46.398724268889055,373.79998779296875],[6.924922891194001,46.398637747392058,373.79998779296875],[6.924891085829586,46.398563837166876,373.79998779296875],[6.925016144523397,46.398539216956124,374.0],[6.925141194136813,46.398515495937318,374.0],[6.925334007944912,46.398475889815018,373.899993896484375],[6.925462864339352,46.398462081328034,373.899993896484375],[6.925590420374647,46.398448266554624,374.0],[6.925719276536256,46.39843445783481,374.199996948242188],[6.925848132697865,46.398420648649335,374.29998779296875],[6.925976988859475,46.39840683946386,374.399993896484375],[6.926104544661939,46.398393024224788,374.399993896484375],[6.926219081506133,46.398380949161947,374.399993896484375],[6.926232849480584,46.39830004889518,374.199996948242188],[6.926362911937758,46.398296140134335,374.29998779296875],[6.926492974162102,46.398292231373489,374.399993896484375],[6.926623036386445,46.398288322379813,374.699996948242188],[6.926766100572422,46.398284472059458,374.899993896484375],[6.926845302805305,46.398158888798207,374.099990844726562],[6.926975321955979,46.398159476695582,373.099990844726562],[6.927105341572315,46.398160065058619,373.699996948242188],[6.927235360955819,46.398160652955994,373.79998779296875],[6.927417387953028,46.398161475546658,372.599990844726562],[6.927506420994177,46.398096208460629,372.599990844726562],[6.927595462650061,46.398030041949823,373.79998779296875],[6.927684495458379,46.397964774863794,374.699996948242188],[6.927744728513062,46.397920067887753,375.0],[6.927856111899018,46.397966449614614,375.199996948242188],[6.927856111899018,46.397966449614614,375.199996948242188],[6.927967495517805,46.398012831341475,375.29998779296875],[6.928078887751326,46.398058313177899,375.399993896484375],[6.928249851567671,46.398129252251238,375.399993896484375],[6.928277986589819,46.398041220149025,375.29998779296875],[6.928307413356379,46.397954093525186,375.199996948242188],[6.928335548145697,46.397866061422974,375.099990844726562],[6.928363682935014,46.397778029320762,375.0],[6.928393109235913,46.397690902696922,374.899993896484375],[6.9284212437924,46.397602870361879,374.79998779296875],[6.928449378348887,46.397514838259667,374.699996948242188],[6.928478813031688,46.397426811978221,374.599990844726562],[6.928506938740611,46.397339679533616,374.5],[6.928536373190582,46.397251653252169,374.399993896484375],[6.928564498899505,46.397164520574734,374.399993896484375],[6.9285926327575,46.397076488472521,374.29998779296875],[6.92862206697464,46.396988462191075,374.199996948242188],[6.928650200832635,46.396900429856032,374.099990844726562],[6.928691708948463,46.396772876381874,374.0],[6.928743194555864,46.396690346999094,373.899993896484375],[6.928794680163264,46.396607817616314,373.899993896484375],[6.928876526420936,46.396476847585291,373.899993896484375],[6.928799440385774,46.396378445671871,374.0],[6.928800202673301,46.396297486731783,374.0],[6.928672618698329,46.39631490339525,374.0],[6.928552843863145,46.396331455325708,374.0],[6.928455900633708,46.396270746132359,374.0],[6.928360249148682,46.396210942184553,373.899993896484375],[6.928263306152076,46.396150232758373,373.899993896484375],[6.928167655132711,46.396090428577736,373.899993896484375],[6.928070712601766,46.396029719151556,373.79998779296875],[6.927975070429966,46.395969015313312,373.79998779296875],[6.927878128364682,46.395908305654302,373.79998779296875],[6.92781608668156,46.395869343541563,373.79998779296875],[6.927752013318241,46.395770099945366,373.79998779296875],[6.927748961839825,46.395680128131062,373.79998779296875],[6.927744610002264,46.39559015026316,373.699996948242188],[6.927741558523849,46.395500178216025,373.79998779296875],[6.927737206686288,46.395410200348124,373.79998779296875],[6.927734155207872,46.395320228533819,373.79998779296875],[6.927731018746272,46.395239251898602,373.699996948242188],[6.927738368045539,46.395149326883256,373.599990844726562],[6.927745717577636,46.395059401867911,373.599990844726562],[6.927753066876903,46.394969476852566,373.699996948242188],[6.927760407794267,46.394880451494828,373.699996948242188],[6.927769048837945,46.394791431957856,373.699996948242188],[6.927776398137212,46.394701506942511,373.79998779296875],[6.927783755818382,46.394610682502389,373.79998779296875],[6.927791105117649,46.394520757487044,373.79998779296875],[6.927798454416916,46.394430832471699,373.79998779296875],[6.927805803483352,46.394340907456353,373.699996948242188],[6.927813152782619,46.394250982441008,373.699996948242188],[6.927820493234321,46.39416195708327,373.699996948242188],[6.927827842533588,46.394072032067925,373.699996948242188],[6.927833653986454,46.394007288385183,373.699996948242188],[6.927846203325316,46.393917386885732,373.699996948242188],[6.927858744282275,46.393828384811059,373.699996948242188],[6.927871293621138,46.393738483311608,373.79998779296875],[6.927883834578097,46.393649481469765,373.79998779296875],[6.927896375302225,46.393560479395092,373.699996948242188],[6.927908933022991,46.393469678470865,373.699996948242188],[6.927921473747119,46.393380676396191,373.79998779296875],[6.927934022853151,46.393290774896741,373.699996948242188],[6.927946563577279,46.393201772822067,373.699996948242188],[6.927960412809625,46.393111877376214,373.599990844726562],[6.927972953300923,46.39302287530154,373.599990844726562],[6.927985502174124,46.39293297380209,373.599990844726562],[6.927998051280156,46.392843072302639,373.599990844726562],[6.928010591771454,46.392754070227966,373.699996948242188],[6.928028730908409,46.392622813116759,373.699996948242188],[6.927981417626143,46.39253893843852,373.599990844726562],[6.927926423028111,46.392442434793338,373.399993896484375],[6.927932463120669,46.392353403614834,373.29998779296875],[6.927937211701646,46.392263466725126,373.29998779296875],[6.927941790549085,46.392191520892084,373.399993896484375],[6.927953047910705,46.39210071391426,373.399993896484375],[6.927962988149375,46.392011700198054,373.399993896484375],[6.927974236896262,46.391921792877838,373.399993896484375],[6.927984185516834,46.391831879504025,373.399993896484375],[6.927995434263721,46.391741972183809,373.5],[6.92800537426956,46.391652958467603,373.599990844726562],[6.928016623016447,46.391563051147386,373.599990844726562],[6.928026571404189,46.391473138006404,373.699996948242188],[6.928037811536342,46.391384130110964,373.699996948242188],[6.928047759924084,46.391294216737151,373.699996948242188],[6.92805900843814,46.391204309416935,373.699996948242188],[6.928068956825882,46.391114396043122,373.599990844726562],[6.928080196725205,46.391025388147682,373.599990844726562],[6.928090145112947,46.3909354750067,373.599990844726562],[6.928101384779438,46.39084646711126,373.5],[6.928111324552447,46.390757453395054,373.399993896484375],[6.928122581215575,46.39066664641723,373.29998779296875],[6.928132529370487,46.390576733043417,373.29998779296875],[6.928143777651712,46.390486825723201,373.199996948242188],[6.92815371719189,46.390397812006995,373.199996948242188],[6.928164965240285,46.390307904453948,373.099990844726562],[6.928164965240285,46.390307904453948,373.099990844726562],[6.928174913395196,46.390217991080135,373.099990844726562],[6.928186152828857,46.390128983417526,373.099990844726562],[6.928196100983769,46.390039070043713,373.199996948242188],[6.928207348799333,46.389949162723497,373.199996948242188],[6.928217296721414,46.389859249349684,373.199996948242188],[6.928228536155075,46.389770241454244,373.199996948242188],[6.928238484077156,46.389680328313261,373.199996948242188],[6.928249731659889,46.389590420760214,373.199996948242188],[6.928259670967236,46.389501407044008,373.199996948242188],[6.9282709187828,46.389411499723792,373.199996948242188],[6.928282157983631,46.389322491828352,373.099990844726562],[6.928292114054784,46.389231678796932,373.199996948242188],[6.928303353255615,46.389142671134323,373.199996948242188],[6.928313300944865,46.38905275776051,373.099990844726562],[6.928324548527598,46.388962850207463,373.099990844726562],[6.928334495984018,46.388872937066481,373.099990844726562],[6.928345734952018,46.388783929171041,373.099990844726562],[6.928355682408437,46.388694015797228,373.099990844726562],[6.928365553496405,46.388612198410556,373.099990844726562],[6.92838199227117,46.388523214031011,373.099990844726562],[6.928398439427838,46.388433329993859,373.099990844726562],[6.928413578076288,46.388344339793548,373.099990844726562],[6.928430016618222,46.388255355181172,373.099990844726562],[6.928446455160156,46.388166370801628,373.199996948242188],[6.928462902316824,46.388076486764476,373.29998779296875],[6.928479332244024,46.387988402042538,373.399993896484375],[6.928502668626606,46.387857168214396,373.399993896484375],[6.928533389233053,46.387770047411323,373.5],[6.928562818560749,46.387682021129876,373.5],[6.92859620670788,46.387587715638801,373.5],[6.928606153465807,46.387497802497819,373.5],[6.928616100223735,46.387407889124006,373.5],[6.928626038599759,46.3873188754078,373.5],[6.928635985357687,46.387228962033987,373.399993896484375],[6.928645932115614,46.387139048660174,373.399993896484375],[6.928655878640711,46.387049135286361,373.29998779296875],[6.928665816783905,46.386960121570155,373.29998779296875],[6.928675763541833,46.386870208196342,373.29998779296875],[6.928685710066929,46.386780294822529,373.29998779296875],[6.928695656592026,46.386690381448716,373.29998779296875],[6.928705594502389,46.38660136773251,373.29998779296875],[6.928715541027486,46.386511454358697,373.199996948242188],[6.928725478937849,46.386422440642491,373.0],[6.928735425462946,46.386332527268678,373.0],[6.928745363373309,46.386243513552472,373.29998779296875],[6.928755318047479,46.386152700753883,373.399993896484375],[6.928766564466059,46.386062793200836,373.5],[6.928776510758325,46.385972879827023,373.5],[6.928786448435858,46.385883866110817,373.5],[6.928796394728124,46.385793952737004,373.599990844726562],[6.92880634078756,46.385704039363191,373.699996948242188],[6.928816286846995,46.385614125989377,373.699996948242188],[6.928826224524528,46.385525112273172,373.79998779296875],[6.928836170583963,46.385435198899359,373.899993896484375],[6.92884611687623,46.385345285758376,374.099990844726562],[6.928856062702835,46.385255372384563,374.199996948242188],[6.928866000380367,46.385166358668357,374.29998779296875],[6.928875946206972,46.385076445294544,374.399993896484375],[6.928885883651674,46.384987431578338,374.599990844726562],[6.928894428070635,46.38490830687806,374.599990844726562],[6.929024415789172,46.38490889267996,374.29998779296875],[6.929115406936035,46.384909302694723,374.0],[6.929151316173375,46.384823104599491,373.699996948242188],[6.929185933666304,46.384736001025885,373.79998779296875],[6.929221842670813,46.384649802930653,373.899993896484375],[6.929256459930912,46.384562699589878,374.0],[6.929292360320687,46.384477400919423,374.0],[6.929328277241439,46.384390303399414,374.0],[6.929362894268706,46.384303199825808,374.0],[6.929398802574724,46.384217001730576,374.0],[6.929434736259282,46.384128104895353,374.099990844726562],[6.929462861968204,46.38404007256031,374.29998779296875],[6.929492279188707,46.383952945703641,374.399993896484375],[6.92952040489763,46.383864913135767,374.399993896484375],[6.929549830500036,46.38377688662149,374.29998779296875],[6.929577947361395,46.383689753944054,374.29998779296875],[6.92960737273097,46.383601727196947,374.29998779296875],[6.929635497974232,46.383513694861904,374.199996948242188],[6.92966490611434,46.38342746743001,374.199996948242188],[6.929693031357601,46.383339435094967,374.29998779296875],[6.929722456261516,46.38325140834786,374.399993896484375],[6.929750581271946,46.383163376012817,374.399993896484375],[6.929780005710199,46.38307534926571,374.199996948242188],[6.9298081304878,46.382987316930667,374.199996948242188],[6.92983754654415,46.382900189841166,374.29998779296875],[6.92986567132175,46.382812157506123,374.399993896484375],[6.929895095527172,46.382724130759016,374.5],[6.929923211457208,46.382636997848749,374.5],[6.92995263566263,46.382548971334472,374.5],[6.929980759974569,46.382460938766599,374.5],[6.930010175332427,46.382373811677098,374.599990844726562],[6.930038299411535,46.382285779109225,374.599990844726562],[6.930067723151296,46.382197752594948,374.599990844726562],[6.930095830233768,46.382111519109458,374.699996948242188],[6.930125253740698,46.38202349236235,374.699996948242188],[6.930153377354145,46.381935459794477,374.699996948242188],[6.930182800628245,46.3818474332802,374.79998779296875],[6.930182800861076,46.3818474332802,374.899993896484375],[6.930159471929073,46.381840131711215,374.899993896484375],[6.931009605294093,46.379479851108044,376.29998779296875],[6.93103022268042,46.379360299324617,376.0],[6.931309849023819,46.378509650472552,376.399993896484375],[6.931312372675166,46.378517758101225,376.399993896484375],[6.931312372675166,46.378517758101225,376.399993896484375],[6.931309849023819,46.378509650472552,376.399993896484375],[6.931330286432058,46.378270453540608,376.5],[6.931300536496565,46.377699985634536,377.599990844726562],[6.931308267405257,46.377707216888666,377.599990844726562],[6.931308267405257,46.377707216888666,377.599990844726562],[6.931300536496565,46.377699985634536,377.599990844726562],[6.931299894116819,46.377629815367982,378.099990844726562],[6.931099537760019,46.377650506095961,377.5],[6.931020255899057,46.377650150097907,377.899993896484375],[6.931026720674708,46.377653777599335,377.899993896484375],[6.931026720674708,46.377653777599335,377.899993896484375],[6.931020255899057,46.377650150097907,377.899993896484375],[6.930990640772507,46.377620331011713,377.599990844726562],[6.930999939795583,46.377460247138515,377.399993896484375],[6.930960306897759,46.377389901783317,377.399993896484375],[6.93096932885237,46.377398038515821,377.399993896484375],[6.93096932885237,46.377398038515821,377.399993896484375],[6.930960306897759,46.377389901783317,377.399993896484375],[6.93090034276247,46.377269988181069,377.5],[6.929510481422767,46.375380014069378,378.5],[6.92951046442613,46.375381813384593,378.5],[6.92951046442613,46.375381813384593,378.5],[6.929510481422767,46.375380014069378,378.5],[6.929079973837361,46.374859915813431,379.0],[6.929083847440779,46.37486263201572,379.0],[6.929083847440779,46.37486263201572,379.0],[6.929079973837361,46.374859915813431,379.0],[6.9285098828841,46.374119687825441,379.5],[6.928517646621913,46.374123321147636,379.5],[6.928517646621913,46.374123321147636,379.5],[6.9285098828841,46.374119687825441,379.5],[6.927710089366883,46.373069862835109,381.399993896484375],[6.927059590350837,46.37204049853608,382.099990844726562],[6.926759759895504,46.371449915226549,382.599990844726562],[6.926770088262856,46.371457158587873,382.599990844726562],[6.926770088262856,46.371457158587873,382.599990844726562],[6.926759759895504,46.371449915226549,382.599990844726562],[6.926670108921826,46.371310074115172,382.699996948242188],[6.926410021958873,46.371190150966868,382.0],[6.926300215534866,46.371120385592803,381.79998779296875],[6.925639869645238,46.370449901325628,382.399993896484375],[6.925590278115124,46.370060157263651,382.699996948242188],[6.925599323585629,46.370065595721826,382.699996948242188],[6.925599323585629,46.370065595721826,382.699996948242188],[6.925590278115124,46.370060157263651,382.699996948242188],[6.92557029472664,46.369700233684853,382.899993896484375],[6.925429437309504,46.368930451804772,383.5],[6.925419446313754,46.368750490015373,383.5],[6.925620486959815,46.368379875319079,384.29998779296875],[6.925600164104253,46.368330306140706,384.899993896484375],[6.92542012874037,46.368129781447351,382.79998779296875],[6.925289444159716,46.368069815449417,382.199996948242188],[6.925199615070596,46.367949763080105,382.099990844726562],[6.925239992560819,46.367940051015466,382.099990844726562],[6.925245190272108,46.367940074764192,382.099990844726562],[6.925245190272108,46.367940074764192,382.099990844726562],[6.925239992560819,46.367940051015466,382.099990844726562],[6.925590158673003,46.367740134475753,382.0],[6.926270636497065,46.367240354418755,382.5],[6.926274517783895,46.367242171196267,382.5],[6.926274517783895,46.367242171196267,382.5],[6.926270636497065,46.367240354418755,382.5],[6.926449996884912,46.367099932860583,382.5],[6.926456409040838,46.367108957609162,382.5],[6.926456409040838,46.367108957609162,382.5],[6.926449996884912,46.367099932860583,382.5],[6.926669826265424,46.366939903469756,382.5],[6.926678845891729,46.366948040435091,382.5],[6.926678845891729,46.366948040435091,382.5],[6.926669826265424,46.366939903469756,382.5],[6.927070209058002,46.366650251671672,383.099990844726562],[6.92842944804579,46.365549909416586,385.899993896484375],[6.928610469214618,46.365369910374284,386.099990844726562],[6.929210525006056,46.364710524212569,387.399993896484375],[6.929630015743896,46.364320196444169,387.699996948242188],[6.930390182184055,46.363489704905078,388.599990844726562],[6.930899442406371,46.362669776193798,390.399993896484375],[6.930959684308618,46.362619670340791,390.399993896484375],[6.931030126987025,46.362590300384909,390.399993896484375],[6.931040065130219,46.362500387011096,390.199996948242188],[6.931140508735552,46.362320021959022,389.79998779296875],[6.931400254834443,46.361640204675496,390.0],[6.931419759290293,46.361499957507476,390.29998779296875],[6.931519563077018,46.361109987134114,391.29998779296875],[6.931569798383862,46.360740484436974,391.399993896484375],[6.931549018248916,46.360739491647109,391.399993896484375],[6.931549018248916,46.360739491647109,391.29998779296875],[6.931561545236036,46.360650489106774,391.099990844726562],[6.931572773028165,46.360561480978504,390.79998779296875],[6.931579791475087,46.360505738295615,390.5],[6.931567808846012,46.360397734679282,389.899993896484375],[6.931490777526051,46.3602984349709,389.199996948242188],[6.931378152221441,46.360253849765286,388.5],[6.931265526916832,46.360209264792502,387.899993896484375],[6.931152902077883,46.360164679586887,387.29998779296875],[6.930985909653828,46.360098259989172,386.699996948242188],[6.930920362705365,46.360021501081064,386.29998779296875],[6.930856131948531,46.359942948911339,385.79998779296875],[6.930790602229536,46.359864390688017,385.29998779296875],[6.930728920036927,46.359791247406974,384.79998779296875],[6.93061240692623,46.359745744615793,384.29998779296875],[6.930482555413619,46.359737064456567,383.899993896484375],[6.930326735367998,46.359726468333974,383.5],[6.930206872988492,46.359761012950912,383.099990844726562],[6.930087001761422,46.359796456759796,382.699996948242188],[6.929967139149085,46.359831001143903,382.399993896484375],[6.929779519559816,46.359885930549353,382.0],[6.929649541154504,46.359890742693096,381.79998779296875],[6.929545565042645,46.35989387286827,381.79998779296875],[6.929533586604521,46.359785869019106,381.79998779296875],[6.929591515334323,46.359705167589709,381.699996948242188],[6.929649443831295,46.359624466160312,381.599990844726562],[6.929707363946363,46.359544664155692,381.5],[6.929765292210504,46.359463962493464,381.599990844726562],[6.929823220241815,46.359383261064067,381.599990844726562],[6.92986270505935,46.359329463914037,381.5],[6.929744826862589,46.359291150700301,381.199996948242188],[6.929625624092296,46.359255530172959,380.899993896484375],[6.929507746361196,46.359217216726393,380.699996948242188],[6.929388552438468,46.359180696541443,380.5],[6.929270666558295,46.359143282286823,380.29998779296875],[6.92915277229622,46.359106767689809,380.099990844726562],[6.929033587221056,46.359069347614422,380.0],[6.928915693424642,46.359032832551748,379.79998779296875],[6.92879650881514,46.35899541224353,379.699996948242188],[6.928678623633459,46.358957997523248,379.5],[6.928560730069876,46.358921482227743,379.399993896484375],[6.928441545926034,46.358884061453864,379.29998779296875],[6.928323644446209,46.358848445350304,379.29998779296875],[6.928204469149932,46.358810124918818,379.199996948242188],[6.928086567902938,46.358774508582428,379.099990844726562],[6.927968692034483,46.358736193506047,379.0],[6.92778990464285,46.358681410783902,378.899993896484375],[6.927673354046419,46.358640402788296,378.699996948242188],[6.92755810264498,46.358599400380626,378.199996948242188],[6.927441543899477,46.358559291344136,377.399993896484375],[6.927326293196529,46.358518288936466,377.599990844726562],[6.927209734916687,46.358478180365637,378.699996948242188],[6.927093176636845,46.358438071096316,378.5],[6.926977926166728,46.358397067990154,377.399993896484375],[6.926861368352547,46.358356958720833,377.5],[6.926746118348092,46.358315955847502,377.899993896484375],[6.926629560999572,46.35827584634535,378.29998779296875],[6.926513003651053,46.358235736610368,378.699996948242188],[6.926378325326368,46.358188348123804,378.79998779296875],[6.926457384834066,46.358071760740131,378.79998779296875],[6.926574690034613,46.358032710617408,378.79998779296875],[6.926691978005692,46.357995459577069,378.79998779296875],[6.926809282740578,46.357956409221515,378.79998779296875],[6.926926595857367,46.357916459208354,378.79998779296875],[6.927043891744688,46.357878308277577,378.79998779296875],[6.927161196013913,46.357839257456362,378.79998779296875],[6.927278500050306,46.357800206635147,378.79998779296875],[6.927369734505191,46.357770033646375,378.79998779296875],[6.927435374818742,46.357698363950476,378.79998779296875],[6.927492005284876,46.357617657631636,378.79998779296875],[6.92754734470509,46.357536046067253,378.79998779296875],[6.927603974938393,46.357455339748412,378.79998779296875],[6.927659314125776,46.357373727951199,378.79998779296875],[6.927715943893418,46.357293021632358,378.79998779296875],[6.927772581810132,46.357211415655911,378.79998779296875],[6.927827912149951,46.357130703283474,378.899993896484375],[6.927884549833834,46.357049097539857,379.0],[6.927939879707992,46.35696838516742,379.099990844726562],[6.927996517159045,46.356886778958142,379.0],[6.928053145762533,46.356806072406471,378.899993896484375],[6.928108483785763,46.356724460609257,378.79998779296875],[6.928165112156421,46.356643753824756,378.79998779296875],[6.92822044971399,46.356562141794711,378.699996948242188],[6.928277077851817,46.35648143524304,378.899993896484375],[6.928333714138716,46.356399829033762,379.0],[6.928389042615891,46.356319116428494,378.899993896484375],[6.928445670288056,46.356238409876823,378.899993896484375],[6.928501006914303,46.356156797613949,378.79998779296875],[6.928557634120807,46.356076090829447,378.79998779296875],[6.928614269709215,46.355994484387338,378.79998779296875],[6.928669597487897,46.35591377178207,378.699996948242188],[6.928726232610643,46.355832165339962,378.79998779296875],[6.928781559923664,46.355751452501863,378.79998779296875],[6.928838194813579,46.355669846059754,378.79998779296875],[6.928894821088761,46.355589139275253,378.899993896484375],[6.928950147936121,46.355508426437154,378.899993896484375],[6.928950147936121,46.355508426437154,378.899993896484375],[6.929006782360375,46.355426819762215,378.79998779296875],[6.929062117356807,46.35534520726651,378.599990844726562],[6.929118734551594,46.355265399906784,378.699996948242188],[6.929175376659259,46.355182893574238,378.699996948242188],[6.929230702808127,46.355102180736139,378.79998779296875],[6.929287327919155,46.355021473485976,378.79998779296875],[6.929342661984265,46.354939860990271,378.699996948242188],[6.929399295244366,46.354858254315332,378.599990844726562],[6.929455911274999,46.354778446489945,378.5],[6.929511244874448,46.354696833761409,378.5],[6.929567877668887,46.35461522708647,378.599990844726562],[6.929623194038868,46.354535413440317,378.599990844726562],[6.92967983498238,46.35445290710777,378.699996948242188],[6.929736458696425,46.354372199624777,378.699996948242188],[6.929791782982647,46.354291486321017,378.699996948242188],[6.929848414845765,46.354209879413247,378.599990844726562],[6.92990374728106,46.35412826645188,378.599990844726562],[6.929960361914709,46.354048458626494,378.599990844726562],[6.930017001694068,46.353965952061117,378.5],[6.930072325281799,46.353885238524526,378.399993896484375],[6.93012894783169,46.353804531041533,378.29998779296875],[6.930184279335663,46.353722918080166,378.29998779296875],[6.930240910034627,46.353641310939565,378.199996948242188],[6.930297523504123,46.353561502648517,378.199996948242188],[6.930352863157168,46.353478990029544,378.199996948242188],[6.930409485008568,46.353398282313719,378.199996948242188],[6.930464798817411,46.353318468434736,378.29998779296875],[6.930521437199786,46.353235961636528,378.29998779296875],[6.930578058352694,46.353155253687873,378.29998779296875],[6.93063338031061,46.353074540151283,378.29998779296875],[6.93069000961259,46.352992932777852,378.29998779296875],[6.93074663868174,46.35291132540442,378.29998779296875],[6.93080195155926,46.352831511059776,378.29998779296875],[6.930858588777483,46.352749004028738,378.29998779296875],[6.930913909804076,46.352668290259317,378.29998779296875],[6.930970538407564,46.352586682885885,378.399993896484375],[6.931027158163488,46.3525059747044,378.399993896484375],[6.931082487106323,46.352424361277372,378.399993896484375],[6.931139106629416,46.352343653328717,378.399993896484375],[6.931194435339421,46.352262039901689,378.399993896484375],[6.931251054629683,46.352181331720203,378.399993896484375],[6.931307681836188,46.352099723881111,378.399993896484375],[6.931363001698628,46.352019009878859,378.29998779296875],[6.931419620290399,46.351938301697373,378.29998779296875],[6.931474948069081,46.351856688037515,378.29998779296875],[6.931531566428021,46.351775979856029,378.399993896484375],[6.931588193168864,46.351694372016937,378.399993896484375],[6.931643512099981,46.351613658014685,378.399993896484375],[6.931700138375163,46.351532049942762,378.399993896484375],[6.931755456840619,46.351451335707679,378.399993896484375],[6.93181208265014,46.351369727868587,378.399993896484375],[6.931868700077757,46.351289019454271,378.399993896484375],[6.931924026692286,46.351207405561581,378.399993896484375],[6.931980643654242,46.351126697147265,378.399993896484375],[6.93203596980311,46.351045083254576,378.399993896484375],[6.932092586299405,46.350964374607429,378.5],[6.932149211177602,46.350882766535506,378.5],[6.932204528478906,46.350802052067593,378.399993896484375],[6.932261153124273,46.350720443995669,378.399993896484375],[6.932334900600836,46.350613724207506,378.399993896484375],[6.932394105941057,46.350533926626667,378.29998779296875],[6.932453311281279,46.350454129045829,378.29998779296875],[6.932512524770573,46.350373432040215,378.199996948242188],[6.932573028840125,46.350293640280142,378.199996948242188],[6.932632233481854,46.350213842466474,378.199996948242188],[6.932691438123584,46.350134044885635,378.199996948242188],[6.932750650914386,46.35005334764719,378.199996948242188],[6.932809846708551,46.349974449491128,378.199996948242188],[6.932869059266523,46.349893752252683,378.29998779296875],[6.932913789059967,46.349833680316806,378.399993896484375],[6.932991112116724,46.349761160323396,378.399993896484375],[6.933068426558748,46.349689539754763,378.5],[6.933144458802417,46.349616114282981,378.5],[6.933228326728567,46.34953822568059,378.5],[6.93328493158333,46.349458416225389,378.5],[6.933341553201899,46.349376807454973,378.5],[6.933399473549798,46.349295204505324,378.5],[6.933456086320803,46.349214495392516,378.5],[6.933512698858976,46.349133786046878,378.599990844726562],[6.93356931139715,46.349053076701239,378.699996948242188],[6.933625923702493,46.348972367588431,378.899993896484375],[6.93368254438974,46.348890758585185,379.099990844726562],[6.933740455191582,46.348810055060312,379.199996948242188],[6.933797067031264,46.348729345714673,379.29998779296875],[6.933853670256212,46.348649535793811,379.399993896484375],[6.933910290244967,46.348567927023396,379.5],[6.93396690976806,46.34848631802015,379.599990844726562],[6.934024811489508,46.348406513687223,379.599990844726562],[6.934081431012601,46.348324904683977,379.599990844726562],[6.934138041688129,46.348244195105508,379.5],[6.934194652363658,46.348163485527039,379.599990844726562],[6.934251271188259,46.348081876290962,379.599990844726562],[6.934307881398126,46.348001166712493,379.699996948242188],[6.934365790570155,46.347920462954789,379.79998779296875],[6.934422400314361,46.347839753143489,379.899993896484375],[6.934479010291398,46.347759043332189,380.0],[6.934535628184676,46.347677434096113,380.099990844726562],[6.934535628184676,46.347677434096113,380.099990844726562],[6.934592237696052,46.347596724284813,380.199996948242188],[6.934650145936757,46.347516020294279,380.29998779296875],[6.934706754982471,46.347435310482979,380.399993896484375],[6.934763355646282,46.347355500329286,380.5],[6.934819972608238,46.347273890860379,380.5],[6.934876589570194,46.347192281391472,380.5],[6.934933189768344,46.347112471004948,380.599990844726562],[6.9349911052268,46.347030867123976,380.599990844726562],[6.935047713341191,46.346950157079846,380.699996948242188],[6.935104321222752,46.346869447035715,380.699996948242188],[6.935160937253386,46.346787837566808,380.79998779296875],[6.935217544902116,46.346707127289847,380.79998779296875],[6.935275451280177,46.346626423066482,380.79998779296875],[6.935332058463246,46.346545712789521,380.79998779296875],[6.935388665646315,46.34646500274539,380.79998779296875],[6.935453166486695,46.346373532665893,380.599990844726562],[6.935377213172615,46.346299428725615,380.5],[6.935302550671622,46.346226230030879,380.599990844726562],[6.935226589441299,46.346153025515378,380.599990844726562],[6.935150628210977,46.346079820999876,380.699996948242188],[6.935075958026573,46.346007521962747,380.699996948242188],[6.935000005876645,46.345933417789638,380.699996948242188],[6.934912463650107,46.345848466968164,380.79998779296875],[6.934815594926476,46.345788662554696,380.899993896484375],[6.934717419091612,46.34572975197807,381.0],[6.934615380363539,46.345667226007208,381.099990844726562],[6.93466680846177,46.34558469383046,381.099990844726562],[6.934719535522163,46.345502167474478,381.099990844726562],[6.934770955005661,46.345420534955338,381.099990844726562],[6.934852701378986,46.345290460158139,381.199996948242188],[6.934983513783664,46.345192089211196,381.199996948242188],[6.935025873593986,46.345106818014756,381.29998779296875],[6.935076185734943,46.345004489878193,381.29998779296875],[6.935139277717099,46.344924708362669,381.399993896484375],[6.935202361317351,46.344845826271921,381.399993896484375],[6.935265436302871,46.34476784360595,381.29998779296875],[6.935328519437462,46.344688961515203,381.399993896484375],[6.935391602339223,46.344610079424456,381.5],[6.935454685240984,46.344531197333708,381.599990844726562],[6.935517759528011,46.344453214667737,381.79998779296875],[6.935580841964111,46.344374332344159,382.0],[6.93564392440021,46.344295450020581,382.29998779296875],[6.935693867038935,46.344232701696455,382.5],[6.935732328332961,46.344147412804887,382.5],[6.935770797776058,46.34406122402288,382.399993896484375],[6.935809266986325,46.343975035473704,382.29998779296875],[6.935846437467262,46.343888841103762,382.199996948242188],[6.935884906444699,46.343802652554587,382.199996948242188],[6.935923367040232,46.343717363430187,382.199996948242188],[6.935961836017668,46.343631174648181,382.199996948242188],[6.935985716525465,46.343577306019142,382.199996948242188],[6.93611017614603,46.343603048007935,382.0],[6.936234627617523,46.343629689188674,381.899993896484375],[6.936359087470919,46.343655430711806,381.79998779296875],[6.936483539175242,46.343682071659714,381.599990844726562],[6.936606700299308,46.34370780736208,381.5],[6.936731152236462,46.343734448077157,381.5],[6.936855612788349,46.343760189134628,381.399993896484375],[6.93703581742011,46.343797872075811,381.399993896484375],[6.937126032076776,46.34373440220952,381.399993896484375],[6.937217561993748,46.343669139081612,381.29998779296875],[6.937307784566656,46.343604769557714,381.29998779296875],[6.937388839898631,46.343548455508426,381.29998779296875],[6.93743249331601,46.343463188968599,381.199996948242188],[6.937477445695549,46.343377928016707,381.099990844726562],[6.937521082581952,46.343294460559264,381.0],[6.9375647357665,46.343209194019437,381.0],[6.937608380336314,46.343124826904386,380.899993896484375],[6.93765332386829,46.343040465610102,380.79998779296875],[6.937706235097721,46.34293724829331,380.699996948242188],[6.937765424372628,46.342857447918504,380.599990844726562],[6.937825912144035,46.342777653364465,380.5],[6.937885100953281,46.342697852989659,380.399993896484375],[6.937945588491857,46.342618058202788,380.199996948242188],[6.938004785217345,46.342537358170375,380.199996948242188],[6.938063965411857,46.342458457220346,380.199996948242188],[6.938124460633844,46.342377763008699,380.199996948242188],[6.938183648744598,46.342297962401062,380.199996948242188],[6.938244135351852,46.342218167614192,380.099990844726562],[6.938303322996944,46.342138367006555,380.099990844726562],[6.938362502027303,46.342059466056526,380.0],[6.938416427467018,46.341986838728189,379.79998779296875],[6.938471734523773,46.341905221575871,379.79998779296875],[6.938527033431455,46.34182450408116,379.699996948242188],[6.938581049675122,46.341741981683299,379.699996948242188],[6.938636347884312,46.341661264188588,379.599990844726562],[6.938691654475406,46.341579647036269,379.599990844726562],[6.938746960833669,46.341498029883951,379.5],[6.938802266959101,46.341416412731633,379.599990844726562],[6.938856274122372,46.341334789758548,379.599990844726562],[6.938911580014974,46.341253172373399,379.699996948242188],[6.938966877525672,46.341172454878688,379.899993896484375],[6.939022182952613,46.341090837493539,379.899993896484375],[6.939077488379553,46.34100922010839,379.899993896484375],[6.939131486462429,46.340928496560082,379.899993896484375],[6.939131486462429,46.340928496560082,379.899993896484375],[6.939186799805611,46.340845979750156,379.899993896484375],[6.93924210453406,46.340764362365007,379.899993896484375],[6.939297409262508,46.340682744979858,379.79998779296875],[6.939352705609053,46.340602027019486,379.79998779296875],[6.93940671114251,46.340520403813571,379.79998779296875],[6.939462015172467,46.340438786195591,379.79998779296875],[6.939517319202423,46.340357168810442,379.79998779296875],[6.939572614850476,46.340276450617239,379.79998779296875],[6.939627926796675,46.340193933574483,379.899993896484375],[6.939706940203905,46.340076437452808,380.0],[6.939764832844958,46.339995730901137,380.0],[6.939824015833437,46.339915929362178,380.0],[6.939881908008829,46.339835222810507,380.0],[6.939941090531647,46.339755421271548,380.0],[6.939998982474208,46.339674714487046,380.099990844726562],[6.940058173146099,46.33959401352331,380.099990844726562],[6.940116056473926,46.339514206163585,380.099990844726562],[6.940173947950825,46.339433499379084,380.099990844726562],[6.940233129542321,46.339353697840124,380.099990844726562],[6.940291020553559,46.339272990822792,380.099990844726562],[6.940350202145055,46.339193189283833,380.199996948242188],[6.940408092690632,46.339112482266501,380.199996948242188],[6.940496227238327,46.338991427561268,380.199996948242188],[6.940559288021177,46.33891344210133,380.29998779296875],[6.940622364869341,46.338833657326177,380.199996948242188],[6.940684126224369,46.338755666045472,380.199996948242188],[6.94074719469063,46.338676780927926,380.199996948242188],[6.94081026269123,46.338597895810381,380.199996948242188],[6.940873330691829,46.338519010460004,380.29998779296875],[6.940936398459598,46.338440125342458,380.399993896484375],[6.940999465994537,46.338361239992082,380.399993896484375],[6.941061226418242,46.338283248478547,380.399993896484375],[6.94112429372035,46.33820436312817,380.5],[6.941187360789627,46.338125477777794,380.5],[6.94125041924417,46.338047491852194,380.5],[6.941313494229689,46.337967706844211,380.5],[6.941376560833305,46.337888821261004,380.599990844726562],[6.941438320092857,46.337810829747468,380.599990844726562],[6.941501386230811,46.337731943931431,380.5],[6.941564452135935,46.337653058348224,380.5],[6.941627517808229,46.337574172765017,380.5],[6.941690583480522,46.33749528718181,380.599990844726562],[6.941752341808751,46.337417295202613,380.699996948242188],[6.941815407015383,46.337338409619406,380.699996948242188],[6.941878463840112,46.337260423228145,380.79998779296875],[6.941941536962986,46.337180637987331,380.899993896484375],[6.942013651598245,46.337106289807707,381.0],[6.942085774149746,46.337031041970477,381.0],[6.942157888319343,46.336956693790853,381.0],[6.942231309367344,46.336881451774389,381.0],[6.94230342307128,46.336807103361934,381.099990844726562],[6.942375536542386,46.33673275494948,381.099990844726562],[6.942447650013492,46.336658406537026,381.199996948242188],[6.942519771400839,46.336583158466965,381.399993896484375],[6.942591892788187,46.336507910396904,381.599990844726562],[6.942665296141058,46.336434467229992,381.699996948242188],[6.942737424978986,46.336358319502324,381.599990844726562],[6.94280953751877,46.336283970857039,381.599990844726562],[6.942881641443819,46.336210521636531,381.699996948242188],[6.942953769816086,46.336134373676032,381.699996948242188],[6.943025881657377,46.336060025030747,381.699996948242188],[6.943098001647741,46.335984776495025,381.699996948242188],[6.943171411752701,46.335910433437675,381.79998779296875],[6.9432435228955,46.335836084326729,381.899993896484375],[6.943315642187372,46.335760835791007,381.899993896484375],[6.94338775286451,46.335686486912891,381.899993896484375],[6.94345987169072,46.335611238144338,382.0],[6.943531982135028,46.335536889033392,382.0],[6.943605399224907,46.335461646085605,382.0],[6.943677509436384,46.335387296974659,382.099990844726562],[6.943749619182199,46.335312947630882,382.099990844726562],[6.943821737077087,46.335237698629498,382.099990844726562],[6.943893846357241,46.335163349285722,382.0],[6.943965963786468,46.335088100284338,382.0],[6.944065599702299,46.334985984489322,382.099990844726562],[6.944168688030913,46.334932460915297,382.199996948242188],[6.94423524918966,46.334896769141778,382.29998779296875],[6.944322859635577,46.334831483196467,382.399993896484375],[6.944410486379638,46.334764397935942,382.699996948242188],[6.944498112890869,46.334697312908247,383.0],[6.944601413561031,46.334620400797576,383.199996948242188],[6.944683877751231,46.33454969455488,383.5],[6.944765034830198,46.334479882149026,383.699996948242188],[6.944847490172833,46.334410075331107,384.0],[6.944928647018969,46.334340262925252,384.199996948242188],[6.945011102128774,46.334270455874503,384.399993896484375],[6.945092258276418,46.334200643235818,384.5],[6.945174712920561,46.334130836185068,384.599990844726562],[6.945257167331874,46.334061029134318,384.699996948242188],[6.945338323013857,46.333991216262802,384.79998779296875],[6.945420776959509,46.333921409212053,384.899993896484375],[6.945501924026757,46.333852495765314,385.099990844726562],[6.945584385888651,46.333781788824126,385.29998779296875],[6.945666839135811,46.333711981540546,385.399993896484375],[6.94574799365364,46.333642168203369,385.5],[6.945830446667969,46.333572360686958,385.599990844726562],[6.945830446667969,46.333572360686958,385.599990844726562],[6.945911592803895,46.333503447007388,385.79998779296875],[6.945994053501636,46.33343273983337,386.0],[6.946075207088143,46.333362926496193,386.099990844726562],[6.94615765940398,46.333293118746951,386.199996948242188],[6.946240111254156,46.33322331099771,386.29998779296875],[6.946321264375001,46.333153497427702,386.399993896484375],[6.946403715759516,46.33308368944563,386.599990844726562],[6.9464848684147,46.333013875875622,386.79998779296875],[6.946567319566384,46.33294406789355,387.0],[6.946649770485237,46.332874259678647,387.199996948242188],[6.94673092244193,46.332804445875809,387.5],[6.946813364746049,46.332735537318513,387.699996948242188],[6.946894524618983,46.332664823858067,388.0],[6.946976974606514,46.332595015410334,388.29998779296875],[6.947058125864714,46.332525201374665,388.5],[6.947140575386584,46.332455392926931,388.79998779296875],[6.947223016759381,46.332386484136805,389.0],[6.947304175468162,46.332315770210698,389.29998779296875],[6.94738662452437,46.332245961762965,389.599990844726562],[6.947467774618417,46.332176147261634,389.79998779296875],[6.947550223208964,46.33210633858107,390.099990844726562],[6.947631364688277,46.332037423737347,390.29998779296875],[6.947713820962235,46.331966715399176,390.5],[6.947796269087121,46.33189690625295,390.699996948242188],[6.947877418017015,46.33182709175162,391.0],[6.947959865676239,46.331757282605395,391.29998779296875],[6.948041014373302,46.331687468104064,391.699996948242188],[6.948123461566865,46.331617658957839,392.199996948242188],[6.948213765164837,46.331540687242523,392.899993896484375],[6.94825868261978,46.331456321757287,393.599990844726562],[6.948303600074723,46.331371956504881,394.29998779296875],[6.948348509147763,46.331288490444422,394.899993896484375],[6.948385504540056,46.33121848385781,395.199996948242188],[6.94849546183832,46.331265738932416,393.899993896484375],[6.948605410987511,46.331313893431798,391.79998779296875],[6.948714062105864,46.331362042343244,391.599990844726562],[6.948824012186378,46.331410197308287,393.899993896484375],[6.948933962732553,46.33145835227333,396.399993896484375],[6.949006400071084,46.331490151816979,397.399993896484375],[6.949129523243755,46.33151767286472,397.599990844726562],[6.949253937229514,46.331546098925173,397.699996948242188],[6.949377052718773,46.33157451916486,397.899993896484375],[6.949500176357105,46.331602039979771,398.0],[6.949623292079195,46.331630459986627,398.199996948242188],[6.949747714679688,46.331657985923812,398.399993896484375],[6.949870830634609,46.331686405697837,398.79998779296875],[6.949993954738602,46.331713926047087,399.199996948242188],[6.950117079075426,46.331741445930675,399.79998779296875],[6.950241502374411,46.331768971635029,400.399993896484375],[6.950364618794993,46.331797390943393,401.099990844726562],[6.950487743597478,46.33182491059415,401.79998779296875],[6.950587533880025,46.331847831374034,402.199996948242188],[6.950657048495486,46.331771667348221,402.199996948242188],[6.950727853458375,46.33169640856795,402.099990844726562],[6.950797367841005,46.331620244309306,402.0],[6.950866873841733,46.3315449799411,402.0],[6.950937686255202,46.331468821270391,402.0],[6.95100719993934,46.331392657011747,402.0],[6.951076705241576,46.33131739241071,401.899993896484375],[6.951146218460053,46.331241228152066,401.899993896484375],[6.951217022025958,46.331165968906134,401.899993896484375],[6.951286535011604,46.33108980464749,402.0],[6.951356039615348,46.331014539813623,402.099990844726562],[6.951426850631833,46.330938380910084,402.29998779296875],[6.951496362918988,46.330862216418609,402.29998779296875],[6.95156586705707,46.330786951351911,402.29998779296875],[6.951636677607894,46.330710792448372,402.199996948242188],[6.951706181047484,46.330635527381673,402.0],[6.951794050401077,46.330539650982246,401.899993896484375],[6.951880354434252,46.330473453970626,401.899993896484375],[6.95196797279641,46.330405463464558,401.899993896484375],[6.952054284280166,46.330338366795331,402.0],[6.952140587614849,46.330272169783711,402.099990844726562],[6.952226898865774,46.330205072881654,402.099990844726562],[6.952314508147538,46.330137981800362,402.099990844726562],[6.952400818932801,46.330070884898305,402.199996948242188],[6.952487129485235,46.330003787763417,402.199996948242188],[6.952574738301337,46.329936696449295,402.199996948242188],[6.952661040239036,46.329870498739183,402.29998779296875],[6.952747350092977,46.329803401604295,402.29998779296875],[6.952833659714088,46.329736304469407,402.29998779296875],[6.95290558016859,46.329680839786306,402.399993896484375],[6.953006085008383,46.329623698722571,402.399993896484375],[6.953105282969773,46.329567451728508,402.399993896484375],[6.953205795260146,46.329509411007166,402.29998779296875],[6.953306307317689,46.329451370285824,402.199996948242188],[6.953405512496829,46.329394223401323,402.199996948242188],[6.953466858481988,46.329359403345734,402.399993896484375],[6.953595286235213,46.329374348279089,402.899993896484375],[6.953722415491939,46.329389287391677,403.5],[6.953850843245164,46.329404232092202,404.099990844726562],[6.953979271231219,46.329419176559895,404.79998779296875],[6.954107698984444,46.329434121027589,405.399993896484375],[6.954234828706831,46.329449059674516,406.199996948242188],[6.954363256692886,46.329464003909379,407.0],[6.954504654509947,46.329480802640319,407.899993896484375],[6.954626437276602,46.329512809868902,408.699996948242188],[6.954626437276602,46.329512809868902,408.699996948242188],[6.954711941070855,46.329535665921867,409.099990844726562],[6.954829212510958,46.329491189215332,409.099990844726562],[6.954949672799557,46.329525889130309,409.29998779296875],[6.955114172073081,46.329573371913284,410.199996948242188],[6.955173191614449,46.329653687309474,411.29998779296875],[6.955255328677595,46.329762888140976,412.399993896484375],[6.955281812464818,46.329851160524413,413.5],[6.955308296252042,46.32993943290785,414.399993896484375],[6.955334788188338,46.330026805633679,415.399993896484375],[6.955359973711893,46.33011507242918,416.29998779296875],[6.955386457731947,46.330203344579786,417.199996948242188],[6.95541293383576,46.330292516387999,418.0],[6.955439426237717,46.330379889113829,418.899993896484375],[6.955457085045055,46.330438437405974,419.599990844726562],[6.955492675537243,46.330524949589744,420.399993896484375],[6.955528266029432,46.330611461540684,421.29998779296875],[6.955563856754452,46.330697973724455,422.199996948242188],[6.955609627999365,46.330807918217033,423.199996948242188],[6.955669948132709,46.330888238968328,424.0],[6.955728977918625,46.33096765447408,424.899993896484375],[6.95578929851763,46.331047974992543,425.699996948242188],[6.955848328536376,46.331127390498295,426.599990844726562],[6.955908649601042,46.33120771124959,427.399993896484375],[6.95596768008545,46.331287126522511,428.199996948242188],[6.956007464090362,46.331340371863917,429.099990844726562],[6.956108250189573,46.33139747614041,430.099990844726562],[6.956252996809781,46.331476357998326,431.099990844726562],[6.956369519000873,46.331516437232494,432.099990844726562],[6.956524903187528,46.331567477202043,433.099990844726562],[6.956648518331349,46.331540117971599,433.699996948242188],[6.95677213347517,46.331512758508325,434.099990844726562],[6.95689574861899,46.33148539881222,434.599990844726562],[6.957084421534091,46.331443923292682,435.29998779296875],[6.957214281428605,46.331444476963952,436.099990844726562],[6.95734414155595,46.331445030635223,436.899993896484375],[6.957473993767053,46.331446483498439,437.79998779296875],[6.95760386181064,46.331446137279272,438.699996948242188],[6.957720727892593,46.331447534495965,439.29998779296875],[6.957843839656562,46.331476845312864,440.0],[6.957965652924031,46.331506150308996,440.599990844726562],[6.958096532616764,46.331538192695007,441.29998779296875],[6.95818294887431,46.331605129176751,442.0],[6.958269365597516,46.331672065891325,442.599990844726562],[6.958341593388468,46.33172814710997,443.29998779296875],[6.958456810796633,46.331769118085504,443.899993896484375],[6.958573334850371,46.331809194991365,444.399993896484375],[6.958688552724198,46.331850165734068,445.099990844726562],[6.958781766006723,46.33188294689171,446.0],[6.95895058545284,46.331883664010093,447.29998779296875],[6.959054872393608,46.331839128164575,448.29998779296875],[6.959142476320267,46.331772031728178,449.199996948242188],[6.959228773368523,46.331705829361454,450.29998779296875],[6.95931637682952,46.331638732925057,451.399993896484375],[6.959403963992372,46.331573435571045,452.399993896484375],[6.95949027640745,46.331505433889106,453.599990844726562],[6.959577871253714,46.331439236877486,454.79998779296875],[6.959665473783389,46.331372139975429,456.0],[6.959751769434661,46.331305937375873,457.099990844726562],[6.959826298290864,46.331248680362478,458.29998779296875],[6.959952087374404,46.331269004615024,459.699996948242188],[6.960079167503864,46.331290233880281,462.0],[6.960280164377764,46.331323470454663,464.5],[6.960404615616426,46.331348286475986,466.099990844726562],[6.960529051022604,46.331374901346862,467.29998779296875],[6.960630159359425,46.331396019784734,468.599990844726562],[6.960741434711963,46.331442369380966,469.899993896484375],[6.960851395502687,46.331490512704477,471.599990844726562],[6.960953620728105,46.331532326061279,473.199996948242188],[6.961034814594314,46.331602836726233,474.599990844726562],[6.961116016376764,46.331672447966412,476.0],[6.961172719486058,46.331722164759412,477.199996948242188],[6.96128006814979,46.331772095523775,478.599990844726562],[6.961366718634963,46.331812943099067,480.099990844726562],[6.961491147754714,46.331840456463397,481.79998779296875],[6.961625966010615,46.331868013599887,483.699996948242188],[6.961703249718994,46.331940306583419,485.5],[6.961781839840114,46.33201170549728,487.099990844726562],[6.961859124014154,46.332083998480812,488.79998779296875],[6.961909366771579,46.332130089402199,490.699996948242188],[6.962064410094172,46.332220701966435,492.899993896484375],[6.962194193154573,46.332230245694518,494.79998779296875],[6.962322677485645,46.332239783601835,496.199996948242188],[6.962452460546046,46.332249326864257,497.899993896484375],[6.962580945109949,46.332258864771575,499.899993896484375],[6.962713325629011,46.332268418744206,502.0],[6.96285577933304,46.332313998136669,504.099990844726562],[6.962933065369725,46.332386290421709,506.099990844726562],[6.963010343490168,46.332459482131526,508.099990844726562],[6.963058965280652,46.332542448537424,510.099990844726562],[6.963108885800466,46.332625420531258,512.0999755859375],[6.963157508056611,46.332708386704326,514.199981689453125],[6.963207429042086,46.332791358698159,516.5],[6.963266290724277,46.332891460275277,519.0999755859375],[6.963357934029773,46.332955716410652,521.399993896484375],[6.963421180844307,46.333000062033534,522.699981689453125],[6.963421180844307,46.333000062033534,522.699981689453125],[6.963477732148021,46.332919338019565,522.79998779296875],[6.963565844343975,46.332793767331168,522.0999755859375],[6.963650854770094,46.332725756801665,522.0999755859375],[6.963735864730552,46.332657746272162,522.5],[6.96382087469101,46.332589735742658,522.5999755859375],[6.963945118710399,46.33249040460214,521.899993896484375],[6.964044334134087,46.332431449089199,520.899993896484375],[6.964142250595614,46.332372487988323,520.0],[6.964241457404569,46.332314431900159,519.199981689453125],[6.964339373633265,46.332255470799282,518.5],[6.964438580209389,46.332197414478287,517.79998779296875],[6.964536495739594,46.33213845314458,517.29998779296875],[6.964635709766299,46.332079497165978,516.79998779296875],[6.964733617147431,46.332021435257047,516.29998779296875],[6.964832830941305,46.331962479278445,516.0],[6.964908795198426,46.331889032386243,515.699981689453125],[6.964984751306474,46.331816484918818,515.5999755859375],[6.965055473614484,46.331748413387686,515.5],[6.96511202887632,46.331666789017618,515.5],[6.965169874718413,46.3315860691946,515.5],[6.965226421831176,46.331505344249308,515.399993896484375],[6.965284259524196,46.331425523851067,514.899993896484375],[6.965340822003782,46.331342999590561,514.29998779296875],[6.965397360734642,46.331263173837215,514.0999755859375],[6.96547978464514,46.331193352118134,514.0],[6.965560902142897,46.331124424235895,513.5999755859375],[6.965643333503976,46.331053702626377,513.399993896484375],[6.965725756948814,46.330983880674466,513.199981689453125],[6.965806881664321,46.33091405290179,513.0],[6.965933778323233,46.330807534279302,512.5999755859375],[6.965957921463996,46.330719476332888,511.899993896484375],[6.965982072521001,46.330630518961698,511.29998779296875],[6.966004917165264,46.330542455660179,510.5],[6.966029067756608,46.330453498288989,509.399993896484375],[6.966053210664541,46.330365440109745,508.0],[6.966077361255884,46.330276482738554,506.599990844726562],[6.966108247870579,46.330159666249529,505.099990844726562],[6.96617126907222,46.330080766929314,504.099990844726562],[6.966235580854118,46.33000277238898,503.699996948242188],[6.966298602055758,46.329923873068765,503.5],[6.966362913604826,46.329845878528431,503.399993896484375],[6.966425934107974,46.329766978975385,503.399993896484375],[6.966488946927711,46.329688979079947,503.399993896484375],[6.966553265694529,46.329610085114837,503.399993896484375],[6.966616277815774,46.329532084986567,503.199996948242188],[6.966680596349761,46.329453190788627,503.0],[6.966725224861875,46.329398502828553,502.699996948242188],[6.966740284347907,46.329309507505968,502.099990844726562],[6.96675665769726,46.329218718223274,501.5],[6.966766225174069,46.329163883812726,500.899993896484375],[6.966814999468625,46.32908042659983,500.099990844726562],[6.966865064576268,46.328997874399647,499.29998779296875],[6.966913838637993,46.328914416953921,498.599990844726562],[6.966963910963386,46.328830965328962,498.099990844726562],[6.967012676876038,46.328748407540843,497.5],[6.967061450472102,46.328664950327948,497.0],[6.967095705447719,46.328608419746161,496.599990844726562],[6.967130233999342,46.328520405106246,496.199996948242188],[6.967163448454812,46.328434183960781,495.5],[6.967197969090194,46.328347068745643,494.599990844726562],[6.967231190996245,46.3282599481754,493.699996948242188],[6.967281645629555,46.328132418449968,492.79998779296875],[6.967282427707687,46.3280424636323,492.0],[6.967283209785819,46.327952508814633,491.0],[6.967283992096782,46.327862553996965,489.79998779296875],[6.967284781858325,46.327771699521691,488.29998779296875],[6.967285563936457,46.327681744471192,486.29998779296875],[6.967286345781758,46.327591789420694,484.099990844726562],[6.967257238691673,46.327504408312961,481.79998779296875],[6.967235727002844,46.327439548447728,479.699996948242188],[6.967232621507719,46.327348677674308,477.699996948242188],[6.967229507863522,46.327258706325665,475.699996948242188],[6.96722540888004,46.327132747974247,473.699996948242188],[6.96730394451879,46.327061109244823,472.5],[6.967382479691878,46.3269894705154,471.899993896484375],[6.967462313361466,46.326917837141082,471.599990844726562],[6.967540840618312,46.326847097836435,471.199996948242188],[6.967619375325739,46.326775459107012,470.699996948242188],[6.967697909800336,46.326703820144758,470.199996948242188],[6.967776444274932,46.326632181415334,470.5],[6.967827475862578,46.32658741530031,470.79998779296875],[6.96777105354704,46.326505318051204,469.599990844726562],[6.96771462354809,46.326424120459706,467.699996948242188],[6.967658193549141,46.326342922868207,466.29998779296875],[6.96760174818337,46.326263524126261,465.099990844726562],[6.967558154836297,46.326199471950531,463.599990844726562],[6.967516047880054,46.326113836141303,462.79998779296875],[6.96747264242731,46.326028194976971,462.099990844726562],[6.967430527787656,46.325943458592519,460.099990844726562],[6.967387114651501,46.325858716620132,458.29998779296875],[6.967341175302863,46.325765868183225,457.29998779296875],[6.967262586811557,46.325694473227486,456.199996948242188],[6.967212345683947,46.325648384867236,455.399993896484375],[6.967112864833325,46.325590396532789,454.899993896484375],[6.967014682712033,46.325532413320616,454.199996948242188],[6.966915202094242,46.325474424753338,453.5],[6.966915202094242,46.325474424753338,453.5],[6.966817020438612,46.325416441308334,452.699996948242188],[6.966717556118965,46.325356653425843,452.0],[6.96664391993545,46.325313165783882,451.399993896484375],[6.966562728397548,46.325242659309879,450.79998779296875],[6.966481536859646,46.325172152603045,450.0],[6.966401636367664,46.325102550676093,449.199996948242188],[6.966321735875681,46.325032948981971,448.29998779296875],[6.966256189160049,46.324955310905352,447.599990844726562],[6.966189328581095,46.324879466323182,447.0],[6.966128929052502,46.324807247379795,447.0],[6.966147883562371,46.324718268588185,447.699996948242188],[6.966165539575741,46.32462928420864,448.29998779296875],[6.966184493852779,46.3245403051842,448.29998779296875],[6.966202149633318,46.324451320804656,447.79998779296875],[6.96622381825,46.324348859256133,447.199996948242188],[6.966276476625353,46.324266318231821,446.699996948242188],[6.966329134767875,46.324183776974678,446.29998779296875],[6.966394965071231,46.324079701211303,445.79998779296875],[6.966481240931898,46.324013492790982,445.099990844726562],[6.966568830423057,46.323945490876213,444.0],[6.966655105585232,46.323879282455891,442.899993896484375],[6.96674138866365,46.323812174377963,441.899993896484375],[6.966828969772905,46.323745071655139,440.899993896484375],[6.96691525215283,46.323677963577211,439.899993896484375],[6.967002832796425,46.323610860621557,439.0],[6.967089107027277,46.323544651968405,438.099990844726562],[6.967218525940552,46.323444439098239,436.899993896484375],[6.967315124114975,46.32338546984829,435.599990844726562],[6.967413036385551,46.323324706871063,434.399993896484375],[6.967509642243385,46.323264837963507,433.099990844726562],[6.967606247635558,46.32320496882312,431.79998779296875],[6.967702853027731,46.323145099682733,430.599990844726562],[6.967800756450742,46.323085235897452,429.599990844726562],[6.967884307261556,46.323033408494666,428.699996948242188],[6.967989930417389,46.322981673059985,427.79998779296875],[6.968095561256632,46.322929037967697,427.0],[6.968201184179634,46.322877302300185,426.399993896484375],[6.968306814786047,46.322824666975066,426.199996948242188],[6.96844503749162,46.322756874607876,425.79998779296875],[6.968500279821455,46.322675242787227,424.699996948242188],[6.968555506318808,46.322595409816131,423.199996948242188],[6.968610756099224,46.322512878337875,422.0],[6.968665997963399,46.322431246284395,420.699996948242188],[6.968721231911331,46.322350513888523,420.099990844726562],[6.96877384535037,46.322272469289601,418.79998779296875],[6.968747343169525,46.322184199700132,416.199996948242188],[6.9687195350416,46.322096824645996,414.699996948242188],[6.968685453524813,46.321984235430136,414.199996948242188],[6.968591210432351,46.321921772090718,413.699996948242188],[6.968498265836388,46.321859314339235,413.399993896484375],[6.968440166674554,46.321821290068328,413.199996948242188],[6.968327598646283,46.32177584245801,413.099990844726562],[6.968259011395276,46.321749469032511,413.099990844726562],[6.96831204672344,46.321622849209234,413.199996948242188],[6.968130744062364,46.321568119339645,413.5],[6.9681185411755,46.321478110738099,414.0],[6.967976494459435,46.321388460695744,414.399993896484375],[6.967964057810605,46.32132543832995,414.699996948242188],[6.968005056492984,46.321239249780774,414.79998779296875],[6.968047345755622,46.321153966011479,414.79998779296875],[6.96808833652176,46.321068676654249,414.0],[6.968129327055067,46.320983387297019,413.0],[6.968171616084874,46.320898103527725,413.199996948242188],[6.968212606618181,46.320812814636156,414.399993896484375],[6.968253589235246,46.320728424936533,415.099990844726562],[6.968295885482803,46.320642241742462,415.0],[6.968336875317618,46.320556952385232,414.899993896484375],[6.968379163648933,46.320471668383107,414.699996948242188],[6.968426762148738,46.32037291303277,414.5],[6.968231933424249,46.320381097262725,414.199996948242188],[6.968245689524338,46.320292096352205,413.79998779296875],[6.968260751804337,46.320202201139182,413.399993896484375],[6.968274507671595,46.320113199995831,413.099990844726562],[6.968288271455094,46.320023299427703,412.899993896484375],[6.968302027322352,46.319934298517182,412.699996948242188],[6.968314360128716,46.319859684677795,412.599990844726562],[6.968312543816864,46.319769719382748,412.5],[6.968312026001513,46.319679759209976,412.399993896484375],[6.968310209689662,46.319589793914929,412.199996948242188],[6.96830969187431,46.319499833742157,412.29998779296875],[6.96830787579529,46.31940986844711,412.29998779296875],[6.968306293711066,46.31929291668348,412.399993896484375],[6.968333024764434,46.319204869214445,412.5],[6.96835975558497,46.319116821978241,412.599990844726562],[6.968386486405507,46.319028774509206,412.79998779296875],[6.968426567036659,46.318898502504453,413.0],[6.968475337605923,46.31881414540112,413.099990844726562],[6.968524100026116,46.318730687489733,413.199996948242188],[6.968572862446308,46.318647229811177,413.399993896484375],[6.96862162463367,46.31856377189979,413.5],[6.968670386821032,46.318480314221233,413.699996948242188],[6.968719148775563,46.318396856309846,413.79998779296875],[6.968767910497263,46.318313398398459,414.0],[6.968835121020675,46.318198532098904,414.099990844726562],[6.968835121020675,46.318198532098904,414.099990844726562],[6.968887371942401,46.318161866627634,414.29998779296875],[6.969017200404778,46.318162406794727,414.599990844726562],[6.969185977242887,46.318163108546287,414.899993896484375],[6.969368048477918,46.318127882201225,415.099990844726562],[6.969483945984393,46.318087882827967,415.399993896484375],[6.96959985117428,46.318046983797103,415.699996948242188],[6.969715748215094,46.318006984191015,415.899993896484375],[6.96983165293932,46.31796608492732,416.199996948242188],[6.969947549747303,46.317926084855571,416.399993896484375],[6.970032194629312,46.317896750289947,416.599990844726562],[6.97005762369372,46.317808697000146,416.599990844726562],[6.970081746811047,46.317721538012847,416.599990844726562],[6.970107191475108,46.317631685873494,416.599990844726562],[6.970139321871102,46.317519371863455,416.599990844726562]]]}},
{"type":"Feature","properties":{"name":"vfsv07-da-aigle-a-saint-maurice","src":"AllTrails"},"geometry":{"type":"MultiLineString","coordinates":[[[6.97005,46.31791,422.13],[6.97013,46.31753,419.74],[6.97035,46.31747,419.1],[6.97106,46.31722,418.98],[6.97268,46.31665,417.92],[6.97275,46.3166,417.17],[6.97281,46.31651,415.3],[6.97287,46.31643,413.93],[6.97313,46.31625,412.3],[6.9735,46.31601,414.2],[6.97354,46.31595,414.28],[6.97361,46.31582,414.04],[6.97367,46.31572,415.3],[6.97376,46.31563,416.63],[6.97387,46.31554,417.68],[6.97397,46.31548,418.25],[6.97406,46.31544,418.76],[6.97415,46.31546,419.81],[6.97431,46.3155,420.92],[6.97442,46.31555,421.85],[6.97449,46.3155,421.66],[6.97462,46.31537,421.89],[6.97467,46.31534,422.37],[6.9747,46.31528,422.68],[6.97482,46.31527,424.15],[6.97498,46.31527,425.89],[6.97536,46.31531,431.95],[6.97562,46.31532,435.55],[6.97573,46.31533,436.13],[6.97583,46.31531,437.28],[6.97585,46.31527,437.97],[6.97584,46.31519,437.69],[6.97583,46.31512,437.4],[6.97582,46.31504,437.01],[6.97581,46.31498,436.9],[6.97585,46.31493,437.55],[6.97654,46.31454,433.56],[6.97684,46.31451,431.78],[6.97714,46.3145,430.52],[6.97732,46.31448,430.47],[6.97791,46.31448,429.4],[6.97834,46.31454,428.23],[6.97872,46.31459,424.79],[6.97898,46.31461,424.73],[6.97928,46.31465,426.18],[6.97957,46.31469,427.44],[6.97993,46.31475,429.84],[6.98021,46.3148,434.22],[6.98036,46.31484,435.15],[6.98056,46.31482,435.29],[6.98074,46.31478,434.95],[6.98091,46.31469,433.69],[6.98103,46.31459,431.5],[6.98115,46.31446,427.8],[6.98128,46.31435,428.76],[6.98149,46.31416,432.61],[6.98164,46.31413,434.97],[6.98178,46.31411,436.47],[6.9821,46.31409,441.53],[6.98231,46.31409,444.69],[6.98266,46.31414,447.4],[6.98287,46.31415,448.72],[6.98301,46.31414,450.06],[6.98317,46.31412,451.94],[6.98327,46.31408,453.39],[6.9834,46.31402,454.2],[6.98342,46.31394,454.68],[6.98345,46.3138,456.1],[6.98347,46.31374,456.92],[6.98355,46.31357,459.18],[6.98367,46.31345,460.13],[6.98374,46.3133,462.05],[6.9838,46.31317,465.38],[6.9839,46.31307,468.93],[6.98402,46.31293,475.0],[6.98412,46.31285,479.17],[6.98431,46.31271,487.86],[6.98446,46.31256,494.51],[6.98463,46.31242,498.72],[6.98471,46.31227,499.91],[6.98482,46.31208,503.27],[6.98485,46.31203,504.56],[6.98488,46.31189,507.68],[6.98487,46.31178,509.56],[6.98487,46.31156,516.05],[6.98487,46.31142,521.89],[6.98485,46.31106,527.46],[6.98482,46.31093,526.24],[6.98476,46.3108,526.21],[6.98468,46.31073,528.42],[6.98457,46.31069,531.03],[6.98447,46.31073,533.06],[6.98418,46.31079,538.16],[6.98407,46.3108,541.83],[6.98391,46.31072,545.1],[6.9838,46.31059,544.59],[6.98358,46.31029,546.07],[6.98343,46.31013,547.76],[6.98335,46.30998,546.69],[6.98324,46.3098,547.57],[6.98312,46.30959,547.94],[6.98306,46.30944,548.0],[6.98299,46.30934,550.46],[6.98296,46.3092,551.91],[6.98291,46.30908,554.02],[6.98283,46.30895,555.27],[6.98283,46.30881,556.16],[6.98283,46.30864,557.84],[6.98281,46.30848,563.92],[6.98275,46.30834,570.17],[6.98262,46.30821,566.83],[6.98239,46.30807,561.63],[6.98223,46.30802,558.35],[6.98198,46.30796,556.94],[6.98186,46.3079,556.44],[6.9818,46.30783,554.71],[6.98176,46.30773,553.97],[6.98167,46.30753,558.34],[6.98165,46.30742,561.25],[6.98167,46.30731,564.5],[6.9818,46.30732,565.26],[6.98196,46.30732,566.69],[6.9823,46.30742,569.62],[6.98259,46.30762,569.3],[6.98284,46.30775,572.5],[6.98297,46.30781,574.21],[6.98308,46.30779,576.95],[6.98309,46.30769,579.54],[6.98309,46.30764,580.78],[6.98297,46.30741,584.44],[6.9828,46.30708,585.3],[6.9827,46.30695,585.92],[6.98258,46.30678,586.31],[6.98256,46.3067,587.72],[6.9826,46.30662,589.89],[6.98265,46.30653,593.48],[6.98267,46.30644,597.17],[6.9827,46.30628,602.21],[6.98268,46.30613,603.76],[6.98264,46.30585,602.04],[6.98262,46.30575,601.57],[6.98265,46.3056,602.65],[6.98267,46.30546,601.49],[6.98271,46.30532,600.41],[6.98282,46.30518,600.45],[6.98292,46.30508,600.86],[6.98303,46.305,602.08],[6.9832,46.30488,604.68],[6.98338,46.30479,608.03],[6.98344,46.30476,609.34],[6.98371,46.3047,618.24],[6.98407,46.30463,631.16],[6.98426,46.30456,635.63],[6.98439,46.30452,638.63],[6.98458,46.30439,638.72],[6.98472,46.30428,639.41],[6.98495,46.3042,645.44],[6.9852,46.30404,646.23],[6.98582,46.3037,646.64],[6.986,46.30365,649.78],[6.98621,46.30355,649.87],[6.98645,46.3034,644.82],[6.98673,46.30321,637.23],[6.98681,46.30317,636.22],[6.98709,46.30309,635.69],[6.98724,46.30305,634.92],[6.98738,46.30298,632.4],[6.98769,46.30286,630.55],[6.98784,46.30281,629.14],[6.98814,46.30278,631.11],[6.98837,46.3027,628.84],[6.98863,46.30264,631.22],[6.9889,46.30257,632.21],[6.98918,46.3025,634.53],[6.98928,46.30242,632.85],[6.98938,46.3024,635.52],[6.98949,46.3024,639.67],[6.98957,46.30242,643.85],[6.98965,46.3024,644.97],[6.98974,46.30231,640.16],[6.98997,46.30211,630.82],[6.99008,46.30207,630.63],[6.99017,46.30203,629.83],[6.9903,46.30204,634.5],[6.99046,46.30208,641.83],[6.99062,46.30213,649.42],[6.99072,46.30214,652.34],[6.99091,46.30211,652.85],[6.99106,46.30209,652.17],[6.99122,46.30204,651.13],[6.9914,46.30197,651.24],[6.99156,46.30192,649.89],[6.9917,46.30189,649.12],[6.99186,46.30185,647.16],[6.99201,46.30184,647.47],[6.99222,46.3019,650.55],[6.99227,46.3018,648.09],[6.99268,46.30174,647.9],[6.99287,46.30164,641.28],[6.99341,46.30137,627.22],[6.9937,46.30119,614.97],[6.99391,46.30108,605.36],[6.99409,46.30102,597.17],[6.99439,46.30093,589.6],[6.99452,46.30092,586.59],[6.99468,46.30091,580.81],[6.99547,46.30097,574.55],[6.99579,46.301,574.96],[6.99604,46.30096,568.92],[6.99643,46.30089,558.99],[6.99677,46.30077,549.95],[6.997,46.30044,535.87],[6.99704,46.30039,534.58],[6.99724,46.30028,532.26],[6.99734,46.30015,526.64],[6.99744,46.3001,524.89],[6.99757,46.30001,521.56],[6.99764,46.29991,518.77],[6.99775,46.29971,512.58],[6.99767,46.29952,508.87],[6.99766,46.29934,507.42],[6.99761,46.29917,506.8],[6.99764,46.2989,508.94],[6.99747,46.29886,506.59],[6.99735,46.29877,505.19],[6.99729,46.29869,505.02],[6.99682,46.29813,496.89],[6.99665,46.298,493.26],[6.99658,46.29795,492.28],[6.99665,46.29766,489.3],[6.99666,46.29759,488.3],[6.99667,46.29743,486.0],[6.99653,46.29742,485.99],[6.99624,46.2974,486.8],[6.99608,46.29734,486.7],[6.99595,46.29727,485.69],[6.99589,46.29719,484.74],[6.99587,46.29707,483.83],[6.99577,46.2969,482.19],[6.99557,46.29656,476.24],[6.99554,46.29633,471.62],[6.99555,46.29605,465.86],[6.99569,46.29605,467.73],[6.996,46.29607,471.91],[6.99611,46.29609,473.53],[6.99628,46.29606,473.01],[6.99638,46.29603,472.53],[6.99653,46.29597,472.74],[6.99664,46.29591,473.25],[6.99681,46.29588,473.42],[6.99695,46.29586,473.33],[6.99719,46.29584,474.82],[6.99742,46.2958,474.18],[6.99763,46.29578,473.92],[6.99761,46.29569,472.73],[6.99763,46.29557,471.51],[6.99768,46.29538,469.68],[6.99785,46.29493,471.08],[6.99801,46.29462,479.99],[6.99809,46.29453,484.22],[6.99825,46.29441,490.58],[6.9983,46.2943,490.32],[6.99835,46.29413,487.63],[6.99841,46.29404,485.43],[6.9986,46.29378,484.93],[6.99883,46.29363,486.13],[6.99915,46.29344,499.54],[6.99943,46.29325,509.84],[6.99964,46.2931,509.69],[6.99987,46.2929,511.38],[6.99999,46.2927,510.02],[7.00024,46.29225,512.2],[7.00046,46.29185,517.44],[7.00056,46.29163,516.11],[7.00081,46.29134,520.37],[7.00108,46.29105,527.87],[7.00114,46.29101,532.1],[7.00151,46.29066,541.48],[7.00191,46.29032,544.5],[7.00209,46.29011,545.22],[7.00236,46.28981,546.05],[7.00249,46.28962,548.39],[7.0026,46.28948,550.56],[7.00281,46.2893,553.96],[7.0029,46.28924,555.44],[7.00304,46.28918,556.88],[7.00324,46.2891,557.45],[7.00349,46.289,559.46],[7.00376,46.28889,561.62],[7.00398,46.28885,563.56],[7.00411,46.28885,564.97],[7.00425,46.28885,566.52],[7.00447,46.28887,569.24],[7.00463,46.28889,571.67],[7.00484,46.28887,573.84],[7.00515,46.28884,576.54],[7.00549,46.2888,582.1],[7.00558,46.28879,583.92],[7.00567,46.28875,586.27],[7.00586,46.28879,589.86],[7.00639,46.28894,604.83],[7.00709,46.28963,621.77],[7.00715,46.28954,621.34],[7.00721,46.28943,620.82],[7.00721,46.28931,620.76],[7.00716,46.28924,619.61],[7.00711,46.28908,617.36],[7.00712,46.28886,615.73],[7.00718,46.28864,616.33],[7.00725,46.2885,616.36],[7.00736,46.28839,619.36],[7.00752,46.28827,625.43],[7.00764,46.28813,628.98],[7.00777,46.28798,633.28],[7.00781,46.28774,635.69],[7.00781,46.28751,634.96],[7.00779,46.28737,635.63],[7.00774,46.28714,636.26],[7.00771,46.28689,635.34],[7.00774,46.28676,634.28],[7.00778,46.2865,630.47],[7.00784,46.28625,628.35],[7.00789,46.28599,626.38],[7.00803,46.28576,625.96],[7.00813,46.28559,623.59],[7.00828,46.28543,622.47],[7.00857,46.28521,627.72],[7.00878,46.28505,633.32],[7.00901,46.2848,631.44],[7.00942,46.28437,618.18],[7.00975,46.28398,613.12],[7.00981,46.28387,612.72],[7.00982,46.28377,611.62],[7.00983,46.28368,610.62],[7.00985,46.28355,610.02],[7.00987,46.28345,610.37],[7.00993,46.28333,611.21],[7.01006,46.28321,611.92],[7.01006,46.28317,611.61],[7.01006,46.28298,610.67],[7.01,46.28275,608.4],[7.00998,46.28265,605.81],[7.00999,46.28249,602.43],[7.00998,46.28238,598.83],[7.01004,46.28224,595.57],[7.01008,46.28212,594.12],[7.01025,46.28195,592.85],[7.01034,46.28184,593.84],[7.01037,46.2817,592.77],[7.01035,46.28161,591.13],[7.01021,46.2815,587.32],[7.01001,46.28135,581.3],[7.00991,46.28126,577.77],[7.00984,46.28117,574.51],[7.00977,46.28103,570.16],[7.00973,46.28094,567.46],[7.00961,46.28094,565.19],[7.00941,46.2809,560.42],[7.00923,46.28093,558.7],[7.00903,46.28098,557.98],[7.00895,46.28098,557.25],[7.00906,46.28086,554.96],[7.00928,46.2806,552.59],[7.00922,46.28059,551.93],[7.00914,46.28066,552.25],[7.009,46.28059,549.77],[7.00892,46.28035,544.06],[7.00888,46.28021,539.91],[7.0089,46.2801,537.08],[7.00896,46.27995,534.51],[7.00898,46.27979,532.37],[7.00898,46.27962,529.46],[7.00866,46.27948,517.2],[7.00858,46.27943,514.17],[7.00848,46.27902,504.17],[7.00842,46.27869,495.32],[7.00836,46.27851,492.6],[7.00827,46.27825,491.24],[7.00826,46.27816,492.05],[7.00826,46.27798,493.92],[7.00823,46.27786,494.03],[7.00813,46.27786,491.45],[7.00805,46.27781,490.26],[7.00797,46.27768,487.83],[7.00786,46.27754,483.66],[7.00783,46.27746,482.04],[7.00785,46.27715,479.81],[7.00777,46.27694,478.72],[7.00768,46.27669,472.28],[7.00773,46.27659,469.93],[7.00781,46.27645,466.57],[7.008,46.27628,467.64],[7.00808,46.27622,467.5],[7.00819,46.27614,467.6],[7.00832,46.27596,465.78],[7.00855,46.27563,462.97],[7.00863,46.27549,462.48],[7.00864,46.2754,461.7],[7.00863,46.27528,460.36],[7.00859,46.27514,457.75],[7.00853,46.27498,455.22],[7.00852,46.2749,454.38],[7.0085,46.27485,453.8],[7.00857,46.27473,452.93],[7.00924,46.27422,455.0],[7.00927,46.27414,455.94],[7.00927,46.27397,457.16],[7.00925,46.27373,458.57],[7.00925,46.27355,459.52],[7.00921,46.27337,460.02],[7.00913,46.27325,459.61],[7.00881,46.27298,460.55],[7.00864,46.27278,464.06],[7.00845,46.2725,472.26],[7.00824,46.27222,469.34],[7.00817,46.27212,469.29],[7.00812,46.27199,470.56],[7.00807,46.27184,467.71],[7.00804,46.27166,461.83],[7.00803,46.2715,457.86],[7.00807,46.27133,454.98],[7.00811,46.27123,455.35],[7.00816,46.27103,455.13],[7.00819,46.27091,454.34],[7.00819,46.27078,454.04],[7.0082,46.2706,456.54],[7.00824,46.27044,458.35],[7.00826,46.27027,459.8],[7.00827,46.27015,461.8],[7.00833,46.26998,465.31],[7.00844,46.26968,471.01],[7.00851,46.26959,471.92],[7.00858,46.26949,472.71],[7.00866,46.26941,472.6],[7.0088,46.26924,471.35],[7.00871,46.26921,471.26],[7.00813,46.26909,471.81],[7.00734,46.26892,473.67],[7.0068,46.26889,472.48],[7.0058,46.26881,465.15],[7.0039,46.26867,455.74],[7.00343,46.26863,455.74],[7.00281,46.26859,456.92],[7.0016,46.26851,450.16],[6.99994,46.26839,444.01],[6.99891,46.26831,441.89],[6.99667,46.26821,433.56],[6.99616,46.26819,433.57],[6.99593,46.26818,432.14],[6.99547,46.26814,428.91],[6.99532,46.2681,428.86],[6.99503,46.26807,429.93],[6.9948,46.26804,424.92],[6.99463,46.26806,423.14],[6.99434,46.2681,424.73],[6.99407,46.26808,427.33],[6.99381,46.26807,428.78],[6.9932,46.26804,427.61],[6.99303,46.268,426.64],[6.99286,46.268,426.88],[6.99175,46.26798,430.67],[6.99133,46.26797,429.82],[6.99008,46.26786,430.11],[6.98974,46.26783,429.05],[6.98921,46.26776,430.71],[6.98881,46.26769,434.95],[6.98817,46.26759,436.32],[6.98752,46.26747,436.06],[6.98696,46.26735,434.52],[6.98649,46.26724,431.45],[6.98527,46.26692,425.8],[6.98446,46.2667,422.47],[6.98327,46.26638,425.12],[6.98318,46.26635,425.05],[6.98357,46.26566,412.95],[6.98358,46.2655,410.18],[6.98348,46.2654,408.62],[6.98341,46.26527,405.88],[6.98342,46.26516,404.17],[6.98348,46.26485,400.96],[6.98355,46.26463,400.78],[6.98372,46.26409,402.56],[6.98356,46.26405,402.53],[6.98337,46.26402,402.2],[6.98313,46.26385,401.26],[6.98306,46.26374,399.96],[6.98303,46.26362,399.14],[6.98303,46.26349,397.7],[6.98306,46.26337,396.5],[6.98319,46.26316,398.5],[6.98336,46.26284,398.66],[6.98335,46.26275,398.08],[6.98335,46.2627,397.69],[6.98331,46.26267,397.17],[6.98304,46.26245,395.94],[6.98284,46.26239,395.22],[6.98236,46.26231,394.34],[6.98196,46.26225,395.7],[6.98182,46.26221,396.44],[6.98149,46.2621,398.99],[6.98017,46.2617,388.93],[6.97948,46.26148,385.24],[6.97813,46.26105,393.42],[6.97555,46.26021,390.49],[6.97587,46.26002,389.9],[6.97668,46.25947,390.84],[6.97737,46.25901,392.07],[6.97786,46.2587,391.35],[6.97856,46.25824,389.73],[6.97925,46.25777,391.29],[6.97974,46.25743,390.03],[6.98022,46.2571,389.53],[6.9808,46.25676,393.14],[6.98163,46.25628,391.87],[6.98245,46.25585,392.15],[6.98334,46.25542,390.51],[6.98445,46.25485,389.54],[6.98505,46.25456,390.06],[6.9857,46.25424,392.27],[6.98634,46.2539,390.47],[6.98673,46.25368,389.99],[6.98707,46.25344,389.28],[6.98751,46.25303,385.05],[6.9879,46.25266,381.02],[6.98814,46.25233,380.29],[6.98844,46.25177,387.76],[6.98871,46.25102,378.01],[6.98882,46.25027,374.48],[6.98896,46.24905,382.07],[6.98907,46.24817,386.95],[6.9891,46.24783,386.26],[6.98914,46.24774,387.71],[6.98918,46.24762,388.12],[6.98929,46.2475,389.22],[6.9893,46.24739,387.82],[6.98931,46.24721,385.03],[6.98926,46.24706,376.9],[6.98925,46.24694,370.96],[6.98931,46.24627,367.09],[6.9894,46.24563,369.2],[6.98953,46.24509,376.28],[6.98975,46.24462,381.28],[6.98999,46.24427,377.69],[6.99016,46.24403,379.16],[6.99039,46.24379,379.76],[6.99065,46.24353,384.22],[6.99096,46.2433,393.01],[6.99021,46.24287,384.75],[6.98994,46.24273,386.67],[6.98978,46.24263,391.4],[6.98923,46.24231,401.73],[6.98915,46.24229,403.05],[6.98864,46.24244,406.41],[6.98804,46.24267,401.4],[6.9879,46.24264,400.31],[6.98772,46.24253,399.37],[6.98755,46.24236,398.77],[6.98726,46.24214,401.93],[6.98699,46.24192,403.28],[6.98665,46.24177,401.67],[6.98625,46.24157,396.83],[6.98611,46.24149,394.35],[6.98593,46.24134,391.87],[6.98576,46.24118,389.79],[6.98565,46.24107,388.93],[6.98557,46.24101,388.81],[6.98568,46.241,389.52],[6.98594,46.24095,391.29],[6.98605,46.24089,391.89],[6.98624,46.2408,392.5],[6.9865,46.24064,392.31],[6.98794,46.23977,383.74],[6.98899,46.2391,392.84],[6.98941,46.23882,390.52],[6.98995,46.23842,394.43],[6.99009,46.2383,395.91],[6.99015,46.23824,396.42],[6.99015,46.23817,397.54],[6.99015,46.2381,398.67],[6.9901,46.23803,400.35],[6.99009,46.23795,401.79],[6.9901,46.23787,403.07],[6.99015,46.2378,404.05],[6.99023,46.23774,405.75],[6.99033,46.23768,408.21],[6.9905,46.2376,411.46],[6.99078,46.23742,415.55],[6.99102,46.23726,409.69],[6.99116,46.2372,406.13],[6.99154,46.23704,396.54],[6.99172,46.23695,393.52],[6.99181,46.23689,396.57],[6.99199,46.23676,398.22],[6.99213,46.23666,398.08],[6.99222,46.23659,396.51],[6.99228,46.2365,394.72],[6.99241,46.23636,392.78],[6.99293,46.23591,386.75],[6.99347,46.23548,387.47],[6.99457,46.23457,389.89],[6.99508,46.23414,394.94],[6.99579,46.23352,391.65],[6.99628,46.23311,399.43],[6.99634,46.23305,400.99],[6.99634,46.23297,400.91],[6.99637,46.23289,400.57],[6.99648,46.23281,398.88],[6.9967,46.2327,396.62],[6.99681,46.23264,396.2],[6.99705,46.23244,396.13],[6.9983,46.23133,394.37],[6.99907,46.23067,390.45],[6.99936,46.23038,393.22],[6.99969,46.23005,397.48],[6.99999,46.22969,398.92],[7.00016,46.2295,405.77],[7.00049,46.22898,423.52],[7.00065,46.22871,428.27],[7.00078,46.22851,428.1],[7.00087,46.22821,423.15],[7.00105,46.22761,408.34],[7.0011,46.22734,407.86],[7.00116,46.22699,405.23],[7.0012,46.2267,402.96],[7.00129,46.2262,406.79],[7.00131,46.22599,404.92],[7.00128,46.22577,404.26],[7.00128,46.22564,408.53],[7.00134,46.22552,409.79],[7.00141,46.22541,410.55],[7.00155,46.22527,412.27],[7.00164,46.22527,411.18],[7.00183,46.22529,396.33],[7.00217,46.22455,400.67],[7.00231,46.22426,406.35],[7.00242,46.22403,417.62],[7.00262,46.22383,423.53],[7.00285,46.22363,424.92],[7.00313,46.22343,423.54],[7.00335,46.2231,428.32],[7.00357,46.22278,426.79],[7.00398,46.22226,413.22],[7.00422,46.22196,413.97],[7.00441,46.22165,413.94],[7.00447,46.22139,415.61],[7.00444,46.22113,422.82],[7.00441,46.221,423.78],[7.00452,46.22091,417.31],[7.0046,46.22081,414.12],[7.00461,46.2202,426.29],[7.00465,46.21944,421.5],[7.0046,46.21907,419.41],[7.00456,46.21873,422.55],[7.00453,46.21827,418.99],[7.00449,46.2179,417.4],[7.00448,46.2177,416.9],[7.0045,46.21746,416.6]]]}},
{"type":"Feature","properties":{"name":"vfsv-08-st-mauricemartigny","src":"AllTrails"},"geometry":{"type":"MultiLineString","coordinates":[[[7.00449,46.21759,416.43],[7.0045,46.21741,417.36],[7.00449,46.21713,422.01],[7.00439,46.21696,425.77],[7.00421,46.21702,422.98],[7.00394,46.21709,423.36],[7.00382,46.21704,423.98],[7.00372,46.21698,424.24],[7.00337,46.21691,422.51],[7.00289,46.21686,422.19],[7.00278,46.21681,421.07],[7.00272,46.21674,419.95],[7.00268,46.21667,419.04],[7.0026,46.21657,419.77],[7.00238,46.21648,421.69],[7.00233,46.21641,422.7],[7.00233,46.21629,422.21],[7.00232,46.21591,418.57],[7.00235,46.21551,411.52],[7.00237,46.21536,411.11],[7.0024,46.21505,409.86],[7.00239,46.21492,410.74],[7.00242,46.21466,414.78],[7.00245,46.21426,413.23],[7.00245,46.21418,411.66],[7.00248,46.2141,412.79],[7.00253,46.214,413.4],[7.0026,46.21389,413.54],[7.00267,46.21375,413.09],[7.00278,46.21338,414.02],[7.00301,46.21276,424.81],[7.00108,46.2124,423.5],[7.00139,46.21168,416.94],[7.00263,46.20913,439.58],[7.00271,46.20899,441.36],[7.00294,46.20867,443.54],[7.00299,46.20858,444.17],[7.00304,46.20846,445.03],[7.00307,46.20837,445.56],[7.00311,46.20832,445.01],[7.00308,46.20807,441.24],[7.00297,46.20756,441.86],[7.00291,46.20729,436.1],[7.00275,46.20676,432.8],[7.00267,46.20652,432.92],[7.0024,46.20577,437.54],[7.00225,46.20536,432.01],[7.00234,46.20535,431.6],[7.00262,46.20535,430.21],[7.00282,46.20528,427.72],[7.00297,46.2052,425.99],[7.00311,46.20509,425.99],[7.00329,46.20504,428.76],[7.00365,46.20494,431.27],[7.00366,46.20479,431.53],[7.00373,46.20415,423.61],[7.00408,46.20409,422.31],[7.00415,46.2039,422.06],[7.00518,46.20372,420.49],[7.00509,46.20238,417.86],[7.0054,46.20209,415.78],[7.00694,46.20223,410.94],[7.0069,46.20184,405.53],[7.00714,46.20179,405.59],[7.00726,46.20177,406.1],[7.00734,46.20169,406.4],[7.00734,46.20155,405.92],[7.00736,46.20141,405.57],[7.00739,46.20131,405.54],[7.00746,46.20124,405.47],[7.00774,46.20113,408.47],[7.00856,46.20065,420.13],[7.0087,46.2005,420.38],[7.00877,46.20043,420.83],[7.009,46.19985,429.9],[7.00924,46.19924,429.51],[7.00937,46.19891,426.83],[7.00952,46.19868,428.3],[7.00962,46.19854,429.68],[7.00968,46.19841,431.03],[7.0097,46.19807,432.78],[7.00971,46.19789,434.13],[7.00977,46.19765,435.55],[7.00999,46.19723,437.94],[7.01012,46.19695,444.32],[7.01028,46.19664,445.21],[7.0103,46.19648,446.5],[7.01035,46.19629,448.32],[7.0104,46.19609,450.32],[7.01051,46.19581,451.69],[7.01062,46.19562,454.46],[7.01072,46.19547,457.6],[7.01082,46.19533,461.06],[7.01089,46.19522,462.7],[7.01094,46.19508,464.35],[7.011,46.19491,466.58],[7.0111,46.19472,468.93],[7.01118,46.19459,469.97],[7.01131,46.19436,471.74],[7.01151,46.19398,476.41],[7.01189,46.19336,478.11],[7.01198,46.19317,475.74],[7.01237,46.19248,488.79],[7.01292,46.19269,483.4],[7.01315,46.19248,488.11],[7.01328,46.19227,492.4],[7.01336,46.19212,495.97],[7.01344,46.19204,498.13],[7.01355,46.19195,500.09],[7.01369,46.19193,500.79],[7.01396,46.19185,504.38],[7.0142,46.19158,509.95],[7.01503,46.19071,503.85],[7.0158,46.18996,514.51],[7.01624,46.18949,517.86],[7.01691,46.18883,532.96],[7.017,46.18877,531.74],[7.01728,46.18849,523.69],[7.01802,46.18771,523.97],[7.01861,46.1871,529.01],[7.01895,46.18674,525.28],[7.01979,46.1859,512.69],[7.02026,46.18546,508.7],[7.02047,46.18526,508.1],[7.02061,46.18464,512.81],[7.02081,46.18464,509.93],[7.02107,46.18464,506.78],[7.02156,46.18466,506.09],[7.02219,46.18471,502.23],[7.02292,46.18483,497.28],[7.02331,46.18488,493.7],[7.02347,46.1849,491.08],[7.02384,46.18487,486.03],[7.02403,46.18482,485.11],[7.02424,46.18467,485.61],[7.0244,46.18456,487.24],[7.02471,46.18431,486.55],[7.02464,46.18399,485.21],[7.02467,46.18374,483.42],[7.02461,46.1835,482.66],[7.02451,46.18329,481.46],[7.02443,46.18304,480.21],[7.02438,46.18287,481.65],[7.02426,46.18272,482.73],[7.0241,46.18254,482.76],[7.02402,46.18239,482.31],[7.02389,46.18209,482.04],[7.02381,46.18191,481.07],[7.02376,46.18166,479.95],[7.02375,46.18147,480.71],[7.02375,46.18138,480.97],[7.02388,46.18103,480.0],[7.02401,46.18075,480.34],[7.02406,46.18036,479.79],[7.0241,46.18008,477.1],[7.02413,46.17988,474.78],[7.02416,46.17982,474.06],[7.0242,46.17973,472.96],[7.02411,46.17966,472.6],[7.0243,46.17854,474.52],[7.02427,46.17846,474.63],[7.0238,46.17798,476.09],[7.02362,46.17779,476.93],[7.02346,46.17744,468.51],[7.02331,46.17721,466.01],[7.02322,46.17685,466.99],[7.023,46.17631,468.92],[7.02284,46.17595,461.0],[7.02278,46.17584,458.15],[7.02264,46.17577,455.26],[7.02273,46.17535,450.01],[7.02267,46.17528,449.24],[7.02266,46.17516,448.73],[7.02262,46.17496,448.01],[7.0225,46.17478,447.79],[7.02235,46.17456,446.34],[7.02222,46.1744,445.85],[7.02195,46.17417,445.99],[7.02164,46.17388,449.06],[7.02162,46.17381,449.21],[7.0216,46.17358,447.73],[7.02169,46.17333,440.77],[7.0217,46.17316,441.74],[7.02168,46.17286,447.55],[7.02164,46.17253,448.98],[7.02145,46.17233,456.42],[7.02129,46.17217,460.68],[7.02108,46.17163,457.82],[7.02123,46.17132,453.86],[7.02125,46.17099,451.78],[7.02129,46.17064,454.96],[7.02112,46.1701,460.28],[7.02104,46.16975,460.46],[7.02115,46.16926,460.58],[7.02195,46.16805,450.1],[7.02251,46.16713,456.19],[7.02313,46.16622,448.92],[7.02391,46.16521,460.16],[7.02447,46.16461,462.26],[7.02465,46.16442,462.94],[7.02517,46.16383,458.08],[7.02529,46.16332,451.97],[7.0256,46.16286,452.2],[7.02582,46.16253,456.69],[7.02599,46.16175,453.4],[7.02616,46.16151,449.24],[7.02689,46.16099,447.53],[7.02744,46.16068,450.0],[7.02773,46.16049,450.47],[7.02794,46.16033,452.31],[7.02812,46.16008,454.05],[7.02831,46.15911,450.57],[7.02826,46.15868,446.29],[7.02828,46.15822,443.32],[7.02833,46.15816,441.17],[7.02856,46.158,439.17],[7.02888,46.15795,438.02],[7.02889,46.15787,438.01],[7.02894,46.15778,438.37],[7.02905,46.15767,440.49],[7.02939,46.1574,445.83],[7.02967,46.15721,450.46],[7.0299,46.15706,449.4],[7.0301,46.15695,447.68],[7.03031,46.15681,446.83],[7.03046,46.15664,445.95],[7.03058,46.1565,446.11],[7.03085,46.15606,453.56],[7.03093,46.15594,455.06],[7.03116,46.15571,459.64],[7.03117,46.15512,460.78],[7.03113,46.15459,446.58],[7.03106,46.15424,437.81],[7.03089,46.15343,444.34],[7.03061,46.15214,458.25],[7.03056,46.15183,454.0],[7.03037,46.15059,448.05],[7.03027,46.1497,458.28],[7.03024,46.14959,458.98],[7.03005,46.14931,456.38],[7.02997,46.14926,456.33],[7.02977,46.14895,458.0],[7.02972,46.14884,458.16],[7.02962,46.14865,457.75],[7.02951,46.14828,455.92],[7.02951,46.1482,457.56],[7.02963,46.14771,457.51],[7.02966,46.14754,457.39],[7.02971,46.14737,454.14],[7.02979,46.14729,451.95],[7.02993,46.14723,450.22],[7.02993,46.14703,447.76],[7.02991,46.14686,447.69],[7.02995,46.14649,447.5],[7.02997,46.14629,445.41],[7.03001,46.14609,443.04],[7.03019,46.14556,445.65],[7.03039,46.14488,444.6],[7.03053,46.14446,448.43],[7.03019,46.14442,444.89],[7.02979,46.1442,452.62],[7.02954,46.14411,462.72],[7.02922,46.14402,476.19],[7.02951,46.14377,470.73],[7.02942,46.14365,480.13],[7.02971,46.14354,466.47],[7.03021,46.14275,471.15],[7.03053,46.14246,469.36],[7.03092,46.14217,458.66],[7.03132,46.14174,452.62],[7.03141,46.14131,456.81],[7.03185,46.14089,455.1],[7.03207,46.14059,457.38],[7.03229,46.1404,458.37],[7.03247,46.14027,454.71],[7.03268,46.14012,450.73],[7.03284,46.13989,450.4],[7.03282,46.1398,452.01],[7.03294,46.13965,452.7],[7.03288,46.1395,457.68],[7.03294,46.1393,459.84],[7.03292,46.13897,466.06],[7.03292,46.13873,470.23],[7.03295,46.13863,470.84],[7.03314,46.13829,467.48],[7.03331,46.13829,461.64],[7.03349,46.1383,457.63],[7.03369,46.13832,453.64],[7.03384,46.13831,451.03],[7.0345,46.13719,446.21],[7.03509,46.1362,446.22],[7.0357,46.13518,446.27],[7.03592,46.13466,445.72],[7.03629,46.13461,442.21],[7.03658,46.13453,440.91],[7.03668,46.13445,441.1],[7.03679,46.13423,446.36],[7.03687,46.13409,448.1],[7.03673,46.13394,450.22],[7.03674,46.13386,451.22],[7.03715,46.13358,450.16],[7.03765,46.13335,452.68],[7.03778,46.13323,453.84],[7.03796,46.13292,457.52],[7.03824,46.13271,456.74],[7.03898,46.13242,458.57],[7.03991,46.13206,468.77],[7.04031,46.13184,470.92],[7.04057,46.13178,465.14],[7.0409,46.13179,460.49],[7.04126,46.13178,458.87],[7.04138,46.13175,458.58],[7.04162,46.13172,458.21],[7.04212,46.13195,458.26],[7.04308,46.131,474.89],[7.0433,46.13081,474.24],[7.04364,46.13058,472.88],[7.04414,46.13039,470.02],[7.0445,46.13024,466.69],[7.04447,46.1302,467.85],[7.04472,46.12996,462.53],[7.04493,46.12962,464.5],[7.04512,46.12925,463.83],[7.04516,46.12902,465.19],[7.04517,46.12862,457.4],[7.04532,46.12835,454.82],[7.04481,46.128,465.5],[7.04449,46.12749,469.75],[7.0441,46.12679,482.94],[7.0442,46.12626,483.47],[7.0445,46.12592,476.44],[7.04457,46.12577,475.18],[7.04516,46.12582,467.18],[7.04533,46.12486,461.47],[7.04551,46.1239,457.54],[7.04565,46.12366,455.44],[7.04615,46.12318,449.47],[7.0467,46.12264,453.25],[7.04547,46.12235,471.19],[7.04576,46.12188,468.92],[7.04643,46.12068,479.26],[7.0468,46.11981,481.12],[7.0474,46.11924,481.46],[7.04849,46.11861,479.02],[7.04913,46.11855,480.01],[7.05014,46.11825,474.43],[7.05119,46.1176,471.34],[7.05195,46.11686,464.8],[7.05225,46.11631,464.24],[7.05229,46.11623,462.68],[7.05221,46.11572,465.77],[7.05224,46.11549,471.56],[7.05249,46.11517,476.07],[7.05291,46.11463,478.82],[7.05332,46.11424,474.86],[7.05324,46.11403,475.38],[7.05355,46.11359,474.02],[7.05433,46.11318,489.98],[7.05503,46.11299,480.54],[7.05568,46.11274,471.56],[7.0563,46.11248,467.7],[7.05666,46.11227,470.69],[7.05681,46.11211,469.16],[7.05734,46.11191,459.22],[7.05767,46.1116,460.33],[7.05775,46.11136,467.85],[7.05827,46.11102,473.54],[7.05905,46.11089,467.15],[7.05952,46.1108,463.0],[7.06019,46.1106,461.95],[7.06057,46.11033,466.71],[7.06121,46.10982,505.38],[7.06153,46.10961,509.32],[7.06167,46.1096,495.19],[7.06221,46.10957,470.19],[7.06254,46.10959,464.6],[7.06269,46.10953,464.71],[7.06288,46.10947,465.0],[7.06305,46.10943,468.07],[7.06312,46.10938,467.95],[7.06385,46.1091,465.33],[7.06525,46.10858,465.93],[7.06585,46.10835,490.96],[7.0661,46.10828,504.16],[7.06657,46.10815,513.74],[7.06709,46.10802,512.68],[7.06715,46.10798,513.29],[7.06754,46.10789,507.81],[7.06792,46.10779,503.96],[7.0682,46.10771,499.25],[7.06853,46.10758,488.98],[7.06898,46.10739,477.63],[7.06946,46.10704,465.16],[7.06979,46.10674,464.01],[7.07016,46.10643,474.33],[7.0703,46.10626,479.17],[7.07046,46.10614,479.5],[7.07081,46.10587,476.19],[7.07094,46.10576,476.58],[7.07096,46.10565,479.46],[7.07086,46.10509,484.29],[7.07108,46.10478,474.05],[7.07011,46.10431,479.47],[7.07027,46.10412,479.42],[7.07085,46.10358,471.11],[7.07105,46.10337,471.19],[7.07124,46.10317,472.37],[7.07144,46.10303,473.11],[7.07152,46.10297,473.45],[7.07158,46.10291,473.88],[7.07167,46.10288,474.27],[7.07172,46.10285,474.58],[7.07179,46.10284,474.75],[7.07258,46.10249,471.84],[7.07278,46.10262,476.59],[7.07297,46.10237,474.08],[7.07316,46.10213,476.5],[7.07348,46.10176,480.2],[7.07293,46.10134,484.31],[7.0724,46.10097,482.58],[7.07236,46.10092,481.77]]]}},
{"type":"Feature","properties":{"name":"vfsv09-da-martigny-orsieres","src":"AllTrails"},"geometry":{"type":"MultiLineString","coordinates":[[[7.0741,46.10092,477.39],[7.07437,46.10035,471.54],[7.07405,46.10025,473.7],[7.07429,46.09993,471.0],[7.07371,46.09963,473.31],[7.07381,46.09953,472.59],[7.07375,46.09947,472.59],[7.07384,46.09938,471.56],[7.07271,46.09878,470.56],[7.07286,46.09867,471.7],[7.07316,46.09863,474.17],[7.07315,46.09847,474.34],[7.07281,46.09829,471.73],[7.07258,46.09796,471.36],[7.07259,46.0979,471.85],[7.07202,46.0976,475.25],[7.07292,46.09682,479.02],[7.06866,46.09411,480.16],[7.06853,46.0942,480.69],[7.06782,46.09365,484.31],[7.06754,46.09327,485.63],[7.06603,46.09225,486.63],[7.06573,46.09211,488.1],[7.06548,46.09215,487.74],[7.06542,46.0921,487.56],[7.06545,46.09201,487.24],[7.06539,46.09184,487.38],[7.06533,46.09147,488.71],[7.06443,46.09074,506.74],[7.06339,46.09012,503.06],[7.06303,46.08989,499.82],[7.06294,46.08979,501.61],[7.06139,46.08891,504.4],[7.06088,46.08867,507.83],[7.06086,46.0886,508.57],[7.06069,46.08855,506.32],[7.06029,46.08817,505.52],[7.05939,46.08741,504.81],[7.05897,46.0871,504.99],[7.05857,46.08699,500.28],[7.05809,46.08701,499.67],[7.05764,46.08628,512.26],[7.05755,46.08617,513.18],[7.05755,46.08608,514.56],[7.0574,46.08584,512.45],[7.05736,46.08562,519.13],[7.05676,46.08484,532.28],[7.056,46.08339,516.82],[7.0553,46.08189,530.83],[7.05518,46.08138,527.6],[7.05524,46.08056,526.13],[7.05525,46.07973,536.23],[7.05505,46.0787,543.22],[7.0549,46.07862,541.23],[7.05482,46.07851,542.65],[7.05398,46.07795,546.36],[7.05377,46.07769,540.04],[7.05376,46.07725,542.15],[7.05335,46.07669,536.52],[7.05342,46.07647,539.52],[7.05341,46.07618,534.73],[7.05356,46.07595,540.11],[7.05401,46.07557,553.34],[7.05406,46.07572,558.22],[7.05414,46.07574,562.38],[7.05398,46.07599,558.9],[7.054,46.07606,560.95],[7.05436,46.07604,574.6],[7.05446,46.07579,576.67],[7.05453,46.07549,578.59],[7.05444,46.07533,571.73],[7.05475,46.07489,564.31],[7.05492,46.07485,566.16],[7.05549,46.07464,563.76],[7.05583,46.07467,567.55],[7.05629,46.07465,577.52],[7.05687,46.0747,600.12],[7.05712,46.0746,589.16],[7.05746,46.0746,597.8],[7.05769,46.07433,574.4],[7.05796,46.0744,590.98],[7.05908,46.07444,629.24],[7.05954,46.0743,623.51],[7.06003,46.07403,596.86],[7.06071,46.07423,594.68],[7.06138,46.07438,578.5],[7.06165,46.07441,573.75],[7.06222,46.07454,577.46],[7.06214,46.07446,574.66],[7.06238,46.07453,576.95],[7.06243,46.07451,576.4],[7.06227,46.07445,574.36],[7.06225,46.07437,573.32],[7.06236,46.07418,572.11],[7.06229,46.07409,572.32],[7.06182,46.074,569.88],[7.06204,46.07375,573.7],[7.06285,46.07388,578.5],[7.063,46.0738,581.55],[7.06298,46.07371,584.17],[7.0627,46.07365,582.98],[7.06261,46.07354,585.09],[7.0626,46.07343,588.78],[7.06326,46.07324,598.62],[7.06356,46.07326,596.65],[7.0644,46.07321,600.06],[7.06468,46.07326,598.25],[7.06521,46.07307,602.63],[7.06534,46.07314,602.75],[7.06551,46.07338,603.31],[7.06585,46.07322,607.52],[7.06668,46.07311,616.68],[7.06702,46.073,620.98],[7.06727,46.07305,621.27],[7.06759,46.07323,619.89],[7.0679,46.07314,622.41],[7.06811,46.07319,623.91],[7.06841,46.07346,627.72],[7.06886,46.07326,633.11],[7.0691,46.07337,633.79],[7.07145,46.07469,630.08],[7.07289,46.07533,626.02],[7.07311,46.07545,624.6],[7.07278,46.07572,621.23],[7.07348,46.07624,627.6],[7.07419,46.07663,618.02],[7.07532,46.0771,628.54],[7.07576,46.07731,626.4],[7.07617,46.07745,625.14],[7.07651,46.07753,626.22],[7.07802,46.0776,635.53],[7.07911,46.07787,637.67],[7.07912,46.07793,634.73],[7.07956,46.07811,628.97],[7.07982,46.07819,626.92],[7.08094,46.07827,634.22],[7.08109,46.07835,630.66],[7.08112,46.07869,608.87],[7.08138,46.07872,607.31],[7.08279,46.07875,611.46],[7.08311,46.07873,611.78],[7.08353,46.07866,616.03],[7.08372,46.07868,616.0],[7.08402,46.07876,616.31],[7.08448,46.07896,614.72],[7.0847,46.07885,619.9],[7.08493,46.0788,623.56],[7.08515,46.07887,623.2],[7.0855,46.07904,620.39],[7.08598,46.07948,619.24],[7.08609,46.07944,618.97],[7.08623,46.07932,621.16],[7.08638,46.07929,622.71],[7.08653,46.07932,623.76],[7.08681,46.07945,625.06],[7.08717,46.07972,628.3],[7.08747,46.07988,626.77],[7.08729,46.08044,613.83],[7.08832,46.08055,619.06],[7.08887,46.0807,621.67],[7.08894,46.08084,616.81],[7.0899,46.08078,625.17],[7.09064,46.08077,631.26],[7.0912,46.08085,625.84],[7.09162,46.08095,621.01],[7.09307,46.08143,618.14],[7.09346,46.08151,618.97],[7.09377,46.08161,621.36],[7.09466,46.08177,634.24],[7.09567,46.08189,623.62],[7.09573,46.08182,623.64],[7.09663,46.08162,616.19],[7.09694,46.0816,615.42],[7.09774,46.08138,626.73],[7.09875,46.08128,642.82],[7.09994,46.08137,653.86],[7.10038,46.08125,668.5],[7.10096,46.0813,662.47],[7.10141,46.08125,659.47],[7.10167,46.08117,658.69],[7.10322,46.08107,653.52],[7.10367,46.08116,647.24],[7.10403,46.08105,659.95],[7.10422,46.08112,654.1],[7.10444,46.0811,658.23],[7.105,46.08122,668.46],[7.10524,46.08134,669.17],[7.10596,46.08131,689.64],[7.10618,46.08128,690.58],[7.10645,46.08132,681.59],[7.1067,46.08131,694.11],[7.10701,46.08115,711.35],[7.10719,46.08118,709.14],[7.10771,46.08103,710.98],[7.10812,46.08101,713.26],[7.10888,46.08085,711.08],[7.10889,46.08075,729.44],[7.10944,46.08061,744.42],[7.11054,46.08065,748.87],[7.1107,46.08043,793.16],[7.11117,46.08031,824.08],[7.11137,46.08036,805.2],[7.11144,46.08027,819.44],[7.112,46.08021,782.5],[7.11243,46.08005,793.09],[7.11285,46.07998,776.0],[7.11331,46.07976,807.71],[7.11355,46.07991,759.95],[7.11386,46.07988,762.47],[7.11402,46.07974,764.2],[7.11452,46.07969,744.57],[7.11485,46.07991,705.58],[7.11521,46.07983,697.19],[7.11581,46.07983,684.88],[7.11626,46.0796,686.37],[7.11699,46.07957,671.14],[7.11753,46.07935,673.04],[7.11823,46.07941,673.95],[7.11881,46.07931,676.75],[7.11941,46.07926,678.74],[7.11974,46.07913,681.16],[7.12018,46.07906,679.99],[7.12045,46.07897,685.41],[7.12072,46.07901,696.92],[7.12089,46.07894,705.04],[7.12099,46.07895,709.79],[7.12142,46.07874,718.21],[7.12183,46.07862,726.98],[7.12186,46.07855,726.29],[7.12182,46.07844,724.26],[7.12189,46.07832,723.91],[7.12199,46.07831,724.59],[7.12237,46.07808,731.0],[7.12267,46.07805,731.81],[7.12343,46.07781,737.24],[7.12418,46.0778,713.92],[7.12446,46.07761,719.4],[7.12465,46.07761,713.64],[7.12483,46.07753,714.59],[7.12515,46.0777,702.22],[7.12538,46.07773,700.11],[7.12558,46.0777,702.6],[7.12602,46.07796,694.57],[7.12629,46.07799,697.64],[7.12653,46.07795,699.82],[7.12675,46.07815,699.65],[7.12709,46.0782,698.88],[7.12751,46.07813,698.55],[7.13036,46.07789,689.13],[7.13239,46.07768,698.38],[7.13359,46.07762,695.54],[7.13468,46.07752,699.92],[7.1347,46.0773,705.92],[7.13481,46.07716,710.97],[7.13572,46.07691,715.39],[7.13647,46.0768,714.68],[7.13734,46.07682,711.18],[7.13788,46.07675,711.8],[7.13899,46.07652,713.86],[7.14009,46.07641,715.72],[7.14056,46.07639,715.99],[7.14101,46.07641,715.09],[7.14136,46.07646,713.08],[7.14192,46.07648,711.91],[7.14249,46.07655,710.18],[7.14388,46.07634,715.82],[7.14437,46.07629,719.37],[7.14431,46.07666,720.51],[7.14496,46.07681,724.22],[7.14526,46.07703,723.19],[7.14587,46.07735,715.43],[7.14667,46.07757,710.77],[7.14785,46.07779,724.87],[7.14802,46.07791,724.81],[7.14913,46.07811,712.66],[7.14957,46.07845,709.13],[7.15006,46.07874,711.29],[7.15078,46.07849,709.18],[7.15127,46.07819,703.26],[7.15128,46.07732,716.0],[7.15132,46.07692,723.86],[7.15253,46.07648,721.82],[7.15238,46.07632,723.6],[7.15199,46.07651,723.71],[7.15133,46.07677,727.61],[7.15123,46.07663,731.36],[7.15086,46.07641,736.54],[7.15077,46.0763,736.85],[7.15079,46.0762,737.53],[7.15068,46.0762,737.15],[7.15059,46.07615,737.49],[7.15052,46.07606,740.02],[7.15002,46.0759,751.39],[7.14992,46.07578,760.88],[7.14976,46.07565,773.7],[7.1495,46.07555,784.3],[7.14931,46.07551,791.36],[7.14917,46.07542,803.1],[7.14897,46.07546,799.33],[7.14856,46.07533,807.94],[7.14802,46.0751,817.0],[7.14762,46.0748,816.34],[7.1476,46.07464,817.53],[7.14752,46.07439,816.15],[7.14758,46.07396,832.98],[7.14775,46.07365,849.66],[7.14784,46.07276,878.75],[7.14767,46.07236,881.01],[7.14744,46.07206,879.95],[7.14722,46.07168,872.04],[7.1473,46.07158,872.79],[7.14718,46.07122,872.56],[7.14756,46.07098,872.69],[7.14764,46.07057,871.97],[7.14746,46.07004,867.45],[7.14757,46.06967,867.69],[7.14748,46.06931,870.73],[7.1475,46.0691,865.04],[7.14754,46.06885,859.93],[7.14767,46.06849,854.3],[7.14767,46.0684,854.44],[7.14745,46.06806,857.9],[7.14743,46.06791,858.0],[7.14734,46.06771,858.14],[7.14726,46.06769,858.92],[7.14713,46.06761,860.32],[7.14639,46.06737,872.98],[7.14627,46.06724,875.19],[7.14627,46.06712,874.88],[7.14632,46.067,874.25],[7.14652,46.06673,874.96],[7.14666,46.06648,881.06],[7.14663,46.06633,885.51],[7.14643,46.06581,896.49],[7.14631,46.06539,902.77],[7.14619,46.06525,903.74],[7.14619,46.06511,903.89],[7.14625,46.06498,903.53],[7.14624,46.06478,898.88],[7.14635,46.06465,896.4],[7.14626,46.06454,895.8],[7.14588,46.06372,886.16],[7.14554,46.06326,895.96],[7.14552,46.06309,897.32],[7.14557,46.06243,872.58],[7.14553,46.06224,872.68],[7.14553,46.06207,872.77],[7.1456,46.06188,870.97],[7.14597,46.06137,863.25],[7.14601,46.06126,860.65],[7.14597,46.06102,858.38],[7.1459,46.06082,858.55],[7.14587,46.06057,858.64],[7.14595,46.06018,861.82],[7.14611,46.05973,867.84],[7.14602,46.05963,873.71],[7.14601,46.05952,877.0],[7.14624,46.05941,871.88],[7.14683,46.05926,857.36],[7.14731,46.05887,846.96],[7.14733,46.05864,842.81],[7.14773,46.0582,822.72],[7.14745,46.05771,831.01],[7.14744,46.05764,832.39],[7.14752,46.05718,843.98],[7.1474,46.05694,855.77],[7.14754,46.05676,857.01],[7.14788,46.05665,843.25],[7.14794,46.05627,845.59],[7.1476,46.05546,869.33],[7.14735,46.05517,871.28],[7.14734,46.05462,862.91],[7.14777,46.05398,848.6],[7.14773,46.0539,850.17],[7.1475,46.05304,841.28],[7.14749,46.0528,846.23],[7.14752,46.05221,864.27],[7.14748,46.05205,865.0],[7.14742,46.05195,866.85],[7.14728,46.05182,871.6],[7.14719,46.05169,874.37],[7.147,46.0511,872.01],[7.14659,46.05069,876.05],[7.14654,46.05058,875.96],[7.14654,46.05045,874.42],[7.14657,46.0504,872.8],[7.14689,46.05003,866.29],[7.14693,46.04981,867.45],[7.14689,46.04966,868.79],[7.14675,46.04957,870.65],[7.14661,46.04942,871.09],[7.14659,46.04923,872.23],[7.14653,46.04911,875.74],[7.14651,46.04889,882.0],[7.14642,46.04872,884.17],[7.14637,46.04833,874.21],[7.14641,46.0482,871.65],[7.14636,46.04782,876.62],[7.14637,46.04768,876.99],[7.14645,46.04745,874.28],[7.14645,46.04732,874.65],[7.14639,46.0472,877.15],[7.14617,46.04689,879.54],[7.14616,46.04674,877.24],[7.14601,46.04633,881.77],[7.14593,46.04603,887.26],[7.14592,46.04594,888.31],[7.14598,46.04572,886.12],[7.14604,46.04565,883.73],[7.14615,46.04559,879.99],[7.14622,46.04549,877.86],[7.14625,46.04506,878.96],[7.14637,46.04478,877.16],[7.14638,46.0447,876.84],[7.14633,46.04442,874.38],[7.14637,46.04411,875.9],[7.14644,46.04395,878.54],[7.1464,46.04383,881.61],[7.14641,46.0438,881.78],[7.14627,46.04382,885.09],[7.14615,46.04403,883.46],[7.14608,46.04409,883.88],[7.14607,46.04421,882.0],[7.14601,46.04436,882.63],[7.14581,46.04439,888.34],[7.1457,46.04435,892.34],[7.14563,46.04423,895.9],[7.14557,46.04378,902.98],[7.14549,46.04399,901.9],[7.14522,46.04423,904.88],[7.14513,46.04436,906.5],[7.14511,46.04455,910.37],[7.14515,46.04478,916.33],[7.14508,46.04478,918.45],[7.14492,46.0446,916.36],[7.14478,46.04433,912.87],[7.14477,46.04396,917.56],[7.14461,46.04356,935.13],[7.14465,46.04341,934.84],[7.14519,46.04315,922.96],[7.14522,46.04304,923.48],[7.14503,46.04279,926.64],[7.14482,46.04244,931.52],[7.14337,46.04244,949.72],[7.14325,46.04239,952.15],[7.14327,46.04133,944.09],[7.14318,46.04084,944.41],[7.14318,46.04061,946.3],[7.14328,46.04,937.34],[7.14324,46.03986,938.53],[7.14324,46.03972,938.65],[7.14335,46.03952,929.53],[7.14354,46.03935,922.02],[7.14357,46.03924,919.13],[7.14355,46.03919,919.03],[7.14219,46.03857,943.05],[7.14199,46.03835,936.42],[7.14149,46.03813,944.85],[7.14182,46.03793,940.31],[7.14231,46.03774,938.6],[7.14273,46.03749,934.99],[7.14309,46.03744,932.09],[7.14353,46.03728,929.28],[7.14397,46.03698,920.96],[7.14401,46.03702,920.17],[7.144,46.03726,921.57],[7.14394,46.03742,920.28],[7.14387,46.03751,920.23],[7.1439,46.03757,919.01],[7.14397,46.03761,917.18],[7.14426,46.03752,912.1],[7.14441,46.0374,910.43],[7.14461,46.03702,905.65],[7.14467,46.03683,904.31],[7.14464,46.03668,904.5],[7.14452,46.03646,902.92],[7.14438,46.03628,903.61],[7.14431,46.03608,904.46],[7.14426,46.03579,910.24],[7.1443,46.03571,909.79],[7.14453,46.03557,904.5],[7.14455,46.03551,903.63],[7.14444,46.03498,903.0],[7.1444,46.03489,903.65],[7.14439,46.03466,902.4],[7.14431,46.03434,901.87],[7.14431,46.03427,900.23],[7.14442,46.03386,888.41],[7.14448,46.03377,883.89],[7.14453,46.03347,877.28],[7.14442,46.0332,878.1],[7.14441,46.03298,877.73],[7.14453,46.03285,876.9],[7.14459,46.03284,876.32],[7.14496,46.03282,876.32],[7.14547,46.03287,876.6],[7.14551,46.03281,878.67],[7.14564,46.03283,878.67],[7.14568,46.03279,880.07],[7.14572,46.03273,881.07],[7.14572,46.03252,883.17],[7.14546,46.03225,881.65],[7.14566,46.03205,881.15],[7.14617,46.03183,883.98],[7.14618,46.03176,884.99],[7.14618,46.03138,890.14],[7.14612,46.03118,892.84],[7.14585,46.03117,889.58]]]}},
{"type":"Feature","properties":{"name":"vfsv10-da-orsieres-bourg-saint-pierre","src":"AllTrails"},"geometry":{"type":"MultiLineString","coordinates":[[[7.14587,46.03119,889.6],[7.14578,46.03099,887.16],[7.1459,46.03089,886.98],[7.1459,46.03078,885.53],[7.14583,46.03054,882.92],[7.14583,46.03032,882.13],[7.14588,46.03003,880.23],[7.14597,46.02975,879.97],[7.14593,46.02969,880.16],[7.14593,46.02952,884.23],[7.14596,46.02942,886.68],[7.14594,46.02935,887.38],[7.14581,46.02926,887.66],[7.14616,46.02882,893.34],[7.14624,46.02876,893.5],[7.14635,46.02848,894.42],[7.14636,46.02839,895.33],[7.14629,46.02825,896.24],[7.14612,46.02814,896.42],[7.14584,46.02802,898.1],[7.14559,46.0278,899.06],[7.14539,46.02756,900.98],[7.14512,46.0271,902.33],[7.1451,46.0269,902.32],[7.14513,46.02669,900.7],[7.14547,46.0261,899.14],[7.14555,46.02582,903.2],[7.14554,46.02559,907.27],[7.14553,46.02549,908.76],[7.14547,46.02532,910.78],[7.14538,46.02514,910.11],[7.14517,46.02489,908.89],[7.14504,46.02462,908.8],[7.14498,46.02436,905.47],[7.14549,46.02316,907.79],[7.14551,46.02293,911.32],[7.14544,46.02275,913.09],[7.14542,46.02262,914.52],[7.14517,46.0224,916.66],[7.14495,46.02205,921.8],[7.14454,46.02152,928.8],[7.1444,46.02108,918.9],[7.14442,46.02098,919.93],[7.14454,46.02082,922.66],[7.14511,46.02067,930.04],[7.14521,46.02026,932.03],[7.14518,46.02018,934.77],[7.1448,46.02014,938.32],[7.14414,46.01997,944.09],[7.14358,46.0199,946.03],[7.14343,46.01986,948.01],[7.14325,46.01985,949.0],[7.14269,46.01999,946.68],[7.14245,46.02001,947.18],[7.14192,46.02,950.18],[7.14188,46.01996,951.41],[7.14192,46.01992,952.14],[7.14231,46.01982,954.65],[7.14245,46.01977,955.52],[7.14253,46.01971,957.23],[7.14259,46.01966,958.25],[7.14276,46.01935,965.34],[7.14285,46.01924,969.45],[7.14294,46.01918,971.31],[7.14327,46.01909,975.37],[7.14397,46.01907,979.7],[7.14401,46.01903,981.72],[7.144,46.019,982.8],[7.14389,46.01895,983.59],[7.14294,46.01864,993.52],[7.14255,46.01879,992.67],[7.14208,46.01909,980.33],[7.14196,46.01907,980.35],[7.1418,46.0188,990.03],[7.14156,46.01861,993.99],[7.14157,46.01853,998.9],[7.14164,46.01851,1001.8],[7.14183,46.01859,1000.31],[7.14196,46.01868,998.37],[7.14206,46.01872,997.36],[7.14212,46.01871,998.12],[7.14246,46.01848,1005.2],[7.14269,46.01821,1015.33],[7.14293,46.01803,1023.99],[7.14304,46.01789,1032.98],[7.14312,46.01783,1037.04],[7.14322,46.01776,1041.21],[7.1435,46.01773,1044.130000000000109],[7.14418,46.01782,1049.52],[7.14429,46.01788,1050.56],[7.14451,46.01814,1049.07],[7.1446,46.01821,1047.35],[7.14477,46.01843,1039.31],[7.14489,46.0185,1038.07],[7.14499,46.01852,1039.94],[7.14529,46.01838,1050.16],[7.14549,46.01824,1055.02],[7.14562,46.0182,1055.880000000000109],[7.14577,46.01818,1056.31],[7.14605,46.0182,1055.47],[7.14641,46.0181,1057.119999999999891],[7.14654,46.01802,1059.04],[7.14735,46.01787,1060.97],[7.14744,46.01782,1061.86],[7.14755,46.01761,1065.52],[7.14768,46.01717,1069.869999999999891],[7.14778,46.01694,1075.2],[7.148,46.01675,1080.380000000000109],[7.14827,46.01663,1081.42],[7.14852,46.01658,1084.95],[7.14875,46.01661,1084.99],[7.14886,46.01666,1082.99],[7.14896,46.01674,1082.47],[7.14916,46.01702,1080.41],[7.14929,46.01707,1081.32],[7.14945,46.01701,1084.56],[7.1495,46.01695,1085.68],[7.14975,46.01683,1088.45],[7.14994,46.01678,1088.44],[7.15073,46.01649,1094.72],[7.15095,46.01644,1095.27],[7.15134,46.01643,1093.94],[7.15158,46.01637,1096.75],[7.15219,46.0163,1104.33],[7.15268,46.0161,1113.91],[7.15319,46.01596,1122.79],[7.15355,46.01571,1130.65],[7.1543,46.01562,1128.78],[7.15518,46.01546,1141.91],[7.15537,46.01541,1143.77],[7.15585,46.01522,1147.59],[7.15596,46.01513,1150.49],[7.15605,46.01492,1156.76],[7.15614,46.01482,1158.25],[7.15623,46.01475,1158.28],[7.1566,46.01459,1154.84],[7.15669,46.01453,1154.69],[7.15669,46.01448,1156.28],[7.15648,46.01446,1162.16],[7.15612,46.0145,1169.78],[7.15581,46.01457,1174.119999999999891],[7.15548,46.01473,1175.32],[7.1552,46.01483,1175.9],[7.15506,46.01483,1176.91],[7.15465,46.01473,1181.130000000000109],[7.15417,46.01471,1179.36],[7.15414,46.01466,1180.69],[7.15415,46.01461,1182.21],[7.15466,46.01462,1184.5],[7.1548,46.0146,1185.77],[7.15506,46.01449,1189.93],[7.15521,46.01438,1191.3],[7.15575,46.01407,1191.130000000000109],[7.15596,46.01393,1191.07],[7.15625,46.01368,1194.27],[7.15779,46.01264,1214.3],[7.15857,46.01204,1222.76],[7.15893,46.01181,1218.369999999999891],[7.15936,46.01147,1218.1400000000001],[7.16019,46.01096,1202.67],[7.1604,46.01079,1198.93],[7.1607,46.0106,1200.04],[7.1612,46.01035,1202.61],[7.16131,46.01027,1204.36],[7.16145,46.01003,1215.85],[7.16146,46.00995,1219.45],[7.16154,46.0099,1219.06],[7.16192,46.00987,1208.99],[7.1621,46.00976,1208.0],[7.16238,46.00953,1207.8900000000001],[7.16313,46.00903,1205.0],[7.16348,46.00874,1206.1400000000001],[7.16365,46.00838,1206.68],[7.1639,46.00805,1202.76],[7.16389,46.00791,1204.01],[7.16401,46.00757,1200.22],[7.16455,46.00678,1174.97],[7.16537,46.00614,1144.4],[7.1656,46.00575,1152.04],[7.16603,46.00539,1168.07],[7.16684,46.0051,1167.49],[7.16736,46.005,1149.56],[7.16768,46.0049,1140.93],[7.16788,46.00488,1134.15],[7.16806,46.00495,1127.9],[7.16819,46.00503,1127.369999999999891],[7.16826,46.005,1127.74],[7.16835,46.00491,1128.24],[7.16851,46.00486,1130.22],[7.16908,46.00479,1138.380000000000109],[7.16932,46.00471,1140.75],[7.16941,46.00465,1142.19],[7.16947,46.00451,1141.56],[7.16961,46.004,1151.82],[7.16949,46.00348,1148.9],[7.16949,46.00317,1154.04],[7.16946,46.00288,1157.56],[7.1694,46.00276,1157.49],[7.16925,46.00256,1154.25],[7.16921,46.00243,1151.27],[7.1692,46.00204,1147.81],[7.16924,46.00196,1148.11],[7.16936,46.00187,1147.96],[7.16975,46.00169,1146.34],[7.16991,46.00157,1147.48],[7.16999,46.00138,1148.21],[7.16995,46.00074,1152.79],[7.17003,46.0002,1157.57],[7.17019,46.00004,1155.35],[7.17027,45.99972,1152.24],[7.17043,45.9996,1151.96],[7.17082,45.99946,1153.99],[7.17093,45.99939,1156.1400000000001],[7.17106,45.99928,1157.66],[7.17118,45.99907,1156.82],[7.17133,45.99897,1157.41],[7.17165,45.9989,1157.02],[7.17192,45.99877,1158.25],[7.17213,45.99849,1164.27],[7.17285,45.99799,1179.31],[7.17392,45.99761,1198.32],[7.17416,45.99746,1205.0],[7.17427,45.9973,1213.11],[7.17411,45.99701,1220.1400000000001],[7.17393,45.99686,1221.29],[7.17341,45.99657,1217.76],[7.17351,45.99656,1220.369999999999891],[7.17342,45.99633,1228.23],[7.17357,45.99632,1233.19],[7.17354,45.99627,1233.369999999999891],[7.17378,45.99625,1241.78],[7.17367,45.99619,1239.17],[7.17368,45.996,1240.8900000000001],[7.17361,45.99596,1239.52],[7.17352,45.99576,1238.59],[7.17329,45.99565,1239.45],[7.17257,45.9955,1248.3],[7.17293,45.99543,1250.9],[7.17312,45.99527,1257.68],[7.17344,45.99455,1285.59],[7.17403,45.99415,1282.01],[7.17446,45.99374,1280.43],[7.17512,45.9934,1263.22],[7.17584,45.99317,1249.94],[7.1763,45.99316,1239.32],[7.17694,45.99309,1232.59],[7.17777,45.99284,1235.68],[7.17848,45.99223,1244.03],[7.17888,45.99197,1240.55],[7.17911,45.99186,1241.47],[7.1795,45.99178,1237.369999999999891],[7.1798,45.99164,1235.56],[7.18204,45.98956,1253.57],[7.18217,45.98957,1252.76],[7.18246,45.98972,1252.99],[7.18262,45.98977,1252.71],[7.18294,45.98998,1254.71],[7.18318,45.99005,1259.21],[7.18329,45.99012,1262.66],[7.18323,45.99026,1262.82],[7.18312,45.99031,1260.67],[7.183,45.99065,1266.73],[7.18294,45.99095,1276.26],[7.18368,45.99063,1289.0],[7.18367,45.99076,1295.7],[7.1834,45.9911,1302.45],[7.18314,45.99126,1299.5],[7.18281,45.99152,1297.0],[7.18281,45.99173,1304.16],[7.18293,45.99185,1311.7],[7.18317,45.99199,1319.66],[7.18368,45.99223,1323.21],[7.18425,45.99243,1323.78],[7.1842,45.99265,1322.76],[7.18433,45.99269,1323.8900000000001],[7.18449,45.99279,1325.82],[7.18465,45.99294,1329.86],[7.18495,45.99281,1331.52],[7.18523,45.99272,1332.58],[7.18535,45.99255,1332.61],[7.18568,45.99222,1333.34],[7.186,45.9917,1339.2],[7.18632,45.99126,1345.21],[7.18638,45.99098,1341.98],[7.18687,45.98977,1345.02],[7.18719,45.98928,1344.2],[7.18737,45.98886,1354.2],[7.18911,45.98719,1370.18],[7.1893,45.98698,1371.1],[7.18932,45.98687,1369.81],[7.18943,45.98673,1369.69],[7.18944,45.98665,1368.76],[7.18975,45.98627,1368.0],[7.19008,45.98553,1359.77],[7.19021,45.9853,1361.23],[7.19036,45.98508,1364.53],[7.19042,45.98495,1363.8900000000001],[7.19065,45.98463,1363.21],[7.19107,45.98423,1366.119999999999891],[7.19193,45.98372,1371.18],[7.19224,45.98346,1371.76],[7.19243,45.98315,1369.29],[7.19252,45.9829,1368.01],[7.19296,45.9821,1381.95],[7.1933,45.9821,1390.71],[7.19344,45.982,1393.5],[7.19329,45.98175,1387.0],[7.19341,45.98142,1386.25],[7.19359,45.98107,1383.119999999999891],[7.19389,45.98087,1383.67],[7.19612,45.98005,1374.92],[7.1966,45.97959,1366.56],[7.19775,45.9787,1373.630000000000109],[7.19802,45.97836,1370.02],[7.19885,45.97767,1379.3],[7.19907,45.97745,1381.57],[7.19938,45.97726,1386.3],[7.19995,45.97685,1394.76],[7.20051,45.97609,1402.56],[7.20078,45.97592,1406.06],[7.20111,45.97583,1408.91],[7.20164,45.97544,1411.41],[7.20183,45.97517,1411.19],[7.20216,45.97478,1415.53],[7.20235,45.97439,1422.1400000000001],[7.20277,45.97401,1429.8900000000001],[7.20324,45.97368,1435.33],[7.20352,45.97352,1438.67],[7.20416,45.97323,1447.67],[7.20494,45.97294,1461.84],[7.20534,45.97283,1470.0],[7.20549,45.97266,1472.0],[7.20552,45.97255,1470.3900000000001],[7.20551,45.97233,1469.8900000000001],[7.20556,45.97216,1470.42],[7.20575,45.97198,1471.97],[7.20655,45.97154,1477.77],[7.20762,45.97109,1480.78],[7.20782,45.97072,1483.96],[7.20786,45.96947,1508.21],[7.20817,45.9679,1525.8900000000001],[7.20838,45.96774,1531.26],[7.20883,45.96714,1540.3],[7.20901,45.96695,1545.03],[7.2095,45.96651,1549.24],[7.2097,45.96599,1544.21],[7.20974,45.96434,1567.36],[7.2097,45.96308,1568.46],[7.20995,45.96245,1580.43],[7.21041,45.96078,1596.21],[7.21098,45.95933,1629.84],[7.21097,45.95909,1632.18],[7.21079,45.95892,1630.8],[7.21079,45.9588,1632.880000000000109],[7.2104,45.95874,1628.23],[7.21015,45.95863,1626.86],[7.21,45.95853,1625.29],[7.20997,45.95838,1625.619999999999891],[7.21018,45.95784,1624.01],[7.21031,45.95709,1616.630000000000109],[7.21026,45.95678,1613.56],[7.21036,45.95608,1620.18],[7.21014,45.95511,1619.16],[7.20983,45.95429,1619.94],[7.20886,45.95309,1626.96],[7.20838,45.95237,1618.69],[7.20818,45.95155,1617.369999999999891],[7.2081,45.95139,1617.630000000000109],[7.20796,45.95122,1617.3],[7.20791,45.95119,1616.6],[7.20792,45.95031,1621.7],[7.20811,45.94964,1629.5],[7.2084,45.94911,1638.44]]]}},
{"type":"Feature","properties":{"name":"vfsv11-da-bourg-saint-pierre-al-colle-del-gran-san","src":"AllTrails"},"geometry":{"type":"MultiLineString","coordinates":[[[7.20841,45.9491,1638.71],[7.20821,45.94894,1638.73],[7.20807,45.94874,1638.22],[7.20789,45.94859,1639.56],[7.20782,45.9484,1644.44],[7.20774,45.94827,1647.42],[7.20766,45.94828,1646.26],[7.20745,45.94825,1644.5],[7.20728,45.94823,1642.02],[7.20714,45.94823,1638.2],[7.20701,45.9483,1631.99],[7.20685,45.94836,1624.53],[7.20678,45.94831,1622.78],[7.20669,45.94823,1619.48],[7.20661,45.94802,1616.17],[7.20657,45.94789,1613.91],[7.2065,45.94766,1607.78],[7.20645,45.94746,1601.6400000000001],[7.20643,45.94737,1601.43],[7.20644,45.94714,1603.01],[7.20645,45.94707,1603.65],[7.20644,45.94696,1603.77],[7.20679,45.94567,1600.869999999999891],[7.20679,45.94559,1601.04],[7.2067,45.94541,1594.03],[7.20662,45.9453,1591.0],[7.20643,45.94508,1592.79],[7.20625,45.9449,1595.58],[7.20619,45.94481,1597.06],[7.20616,45.94475,1598.11],[7.2061,45.9447,1599.76],[7.20598,45.94474,1600.25],[7.20582,45.94479,1601.85],[7.20583,45.94485,1601.56],[7.20571,45.94498,1601.96],[7.20557,45.94513,1601.47],[7.20547,45.94522,1601.19],[7.20529,45.94529,1600.86],[7.2054,45.9451,1603.91],[7.20542,45.94478,1609.71],[7.2054,45.94466,1614.28],[7.20539,45.94449,1621.380000000000109],[7.20536,45.94411,1636.130000000000109],[7.20545,45.9439,1640.8],[7.2055,45.94372,1642.48],[7.20553,45.9436,1643.9],[7.20551,45.94336,1648.08],[7.20564,45.94313,1656.66],[7.20578,45.94295,1659.03],[7.20593,45.94277,1659.25],[7.20597,45.94251,1666.76],[7.20595,45.94233,1669.93],[7.2059,45.94222,1672.61],[7.20573,45.94212,1679.96],[7.2054,45.94193,1700.86],[7.20523,45.9418,1712.11],[7.20522,45.94163,1716.74],[7.20537,45.94099,1723.380000000000109],[7.20567,45.94074,1714.53],[7.20602,45.94044,1700.36],[7.20626,45.94027,1692.94],[7.2063,45.94012,1695.15],[7.20622,45.93965,1705.69],[7.20642,45.93929,1701.44],[7.2065,45.93916,1701.95],[7.20662,45.93873,1707.11],[7.20659,45.93854,1711.46],[7.20656,45.93819,1711.880000000000109],[7.20644,45.93789,1709.880000000000109],[7.20632,45.93774,1709.31],[7.20622,45.93756,1708.630000000000109],[7.20623,45.93749,1707.6],[7.20625,45.93721,1707.5],[7.20616,45.93699,1708.9],[7.20591,45.93652,1702.84],[7.20579,45.93633,1701.1],[7.20568,45.93614,1701.369999999999891],[7.20561,45.93575,1699.95],[7.20553,45.93552,1703.52],[7.20537,45.93513,1709.619999999999891],[7.20502,45.93483,1713.48],[7.2047,45.93471,1717.53],[7.20457,45.93456,1721.49],[7.20429,45.93439,1724.18],[7.20406,45.93412,1725.380000000000109],[7.20409,45.93404,1725.41],[7.20391,45.93386,1728.59],[7.20373,45.93364,1731.42],[7.20346,45.9335,1733.42],[7.20307,45.93307,1725.97],[7.20282,45.93282,1726.59],[7.20266,45.93259,1727.86],[7.20243,45.932,1722.72],[7.20195,45.93144,1734.1],[7.20181,45.9314,1739.23],[7.20163,45.93129,1745.619999999999891],[7.20151,45.93109,1748.98],[7.20134,45.93095,1752.880000000000109],[7.201,45.93085,1760.5],[7.20063,45.93083,1771.85],[7.20046,45.93062,1776.33],[7.20037,45.93066,1779.3900000000001],[7.2003,45.93078,1782.09],[7.2003,45.93096,1785.34],[7.2002,45.93101,1791.73],[7.20013,45.93103,1795.58],[7.20007,45.93099,1797.24],[7.20002,45.9308,1794.94],[7.19981,45.93027,1803.31],[7.1998,45.93007,1806.18],[7.19994,45.92964,1802.76],[7.19991,45.92949,1800.880000000000109],[7.19987,45.92941,1800.79],[7.19933,45.92921,1817.2],[7.19885,45.92887,1819.380000000000109],[7.19864,45.92874,1821.76],[7.19844,45.92853,1823.51],[7.19831,45.92836,1824.619999999999891],[7.19823,45.92804,1827.11],[7.19832,45.92736,1825.75],[7.19813,45.92707,1829.119999999999891],[7.19751,45.92664,1836.36],[7.19694,45.92598,1830.6400000000001],[7.19678,45.92557,1835.83],[7.19648,45.92507,1841.119999999999891],[7.19614,45.92452,1842.98],[7.19561,45.92405,1840.46],[7.19548,45.92392,1839.07],[7.19532,45.92372,1837.5],[7.19516,45.92335,1837.19],[7.19497,45.92316,1838.11],[7.19496,45.92289,1835.16],[7.19485,45.92261,1834.04],[7.19474,45.92254,1835.33],[7.19465,45.92242,1836.880000000000109],[7.1946,45.92232,1838.5],[7.19458,45.92222,1839.6],[7.19454,45.92217,1841.34],[7.19458,45.92203,1843.369999999999891],[7.19465,45.92199,1842.7],[7.19467,45.92173,1846.07],[7.19464,45.92164,1848.119999999999891],[7.19475,45.92155,1848.6],[7.19488,45.92157,1846.53],[7.19501,45.92155,1845.32],[7.19499,45.92151,1846.51],[7.19496,45.92146,1848.0],[7.19504,45.92124,1851.43],[7.19502,45.92099,1854.2],[7.19493,45.92073,1854.91],[7.19484,45.92048,1854.23],[7.19475,45.92033,1857.68],[7.19463,45.92009,1857.18],[7.19448,45.9199,1859.01],[7.19453,45.91961,1867.26],[7.19484,45.91909,1889.57],[7.1949,45.91898,1894.7],[7.19521,45.91871,1895.35],[7.19528,45.91865,1896.35],[7.19571,45.91809,1860.24],[7.19574,45.91757,1851.07],[7.19585,45.91735,1829.85],[7.19574,45.91698,1839.6400000000001],[7.19572,45.91653,1839.58],[7.19583,45.91627,1825.97],[7.19583,45.91593,1835.130000000000109],[7.19593,45.91545,1835.03],[7.19597,45.91491,1858.24],[7.19614,45.91442,1840.47],[7.19622,45.91397,1822.4],[7.1964,45.91367,1813.73],[7.19641,45.91268,1812.05],[7.19662,45.91218,1830.21],[7.19664,45.91128,1833.15],[7.19657,45.91055,1832.74],[7.19655,45.9103,1833.34],[7.19658,45.90935,1847.69],[7.19659,45.90893,1844.18],[7.19646,45.90823,1836.15],[7.19641,45.90797,1851.24],[7.1964,45.90733,1863.51],[7.19637,45.90673,1864.85],[7.19611,45.90609,1886.74],[7.19548,45.90462,1902.36],[7.19492,45.90401,1913.01],[7.19459,45.90366,1918.26],[7.19442,45.90344,1922.26],[7.19433,45.90331,1923.76],[7.19429,45.90321,1923.96],[7.19308,45.90235,1926.0],[7.19278,45.90226,1930.9],[7.19254,45.90228,1938.16],[7.19138,45.90178,1958.86],[7.1913,45.90168,1959.43],[7.19109,45.90161,1964.25],[7.19087,45.90154,1968.75],[7.19064,45.90144,1972.79],[7.19054,45.90123,1973.8],[7.19056,45.901,1973.72],[7.19039,45.90039,1976.29],[7.19013,45.90019,1975.08],[7.18956,45.89995,1976.16],[7.18869,45.89959,1984.02],[7.18855,45.89945,1984.44],[7.1882,45.89938,1991.58],[7.18816,45.89928,1990.52],[7.18783,45.89904,1995.4],[7.18778,45.89899,1996.32],[7.18772,45.89895,1997.35],[7.18762,45.89889,1998.85],[7.18756,45.89893,2000.3],[7.18751,45.89892,2001.15],[7.18746,45.89886,2001.22],[7.18724,45.89876,2002.880000000000109],[7.18701,45.89861,2006.55],[7.18649,45.89846,2012.19],[7.18617,45.89822,2016.880000000000109],[7.18577,45.89814,2025.81],[7.18546,45.89798,2032.04],[7.18511,45.89791,2041.33],[7.1848,45.89776,2046.78],[7.18428,45.89752,2057.56],[7.18417,45.89746,2059.6],[7.18339,45.8969,2054.52],[7.18247,45.89591,2055.820000000000164],[7.18296,45.89574,2042.59],[7.18304,45.89578,2041.83],[7.18309,45.89574,2040.380000000000109],[7.18306,45.89568,2040.78],[7.18302,45.89561,2040.8],[7.18299,45.89554,2040.49],[7.18298,45.8954,2038.78],[7.18307,45.89526,2034.76],[7.18313,45.8952,2033.9],[7.18331,45.89513,2031.5],[7.18335,45.89507,2031.69],[7.18333,45.89502,2032.75],[7.18325,45.89496,2033.84],[7.18321,45.89487,2034.28],[7.18323,45.89478,2033.91],[7.18329,45.89475,2032.85],[7.18346,45.89471,2030.33],[7.18364,45.89467,2028.5],[7.18386,45.89456,2027.5],[7.18391,45.8945,2027.369999999999891],[7.18391,45.89439,2028.95],[7.18391,45.8943,2030.8900000000001],[7.18396,45.89411,2034.25],[7.18404,45.894,2035.369999999999891],[7.18443,45.89388,2029.48],[7.18453,45.89367,2029.48],[7.18465,45.89347,2023.82],[7.18464,45.89334,2023.119999999999891],[7.18455,45.89298,2031.66],[7.18461,45.89274,2026.74],[7.18463,45.89264,2025.33],[7.18478,45.89237,2026.15],[7.18506,45.89218,2026.85],[7.1852,45.89188,2028.380000000000109],[7.1854,45.89157,2029.77],[7.18562,45.89149,2028.0],[7.18565,45.89143,2028.74],[7.18571,45.89139,2029.53],[7.1858,45.89139,2029.85],[7.18589,45.89144,2028.72],[7.1859,45.89152,2026.79],[7.18593,45.89166,2023.8900000000001],[7.18625,45.89194,2029.03],[7.18634,45.89192,2033.54],[7.18658,45.89158,2040.119999999999891],[7.18673,45.89106,2038.96],[7.18692,45.89083,2041.56],[7.18719,45.89059,2048.96],[7.18733,45.89058,2053.050000000000182],[7.18759,45.89027,2057.83],[7.18777,45.89019,2061.590000000000146],[7.1878,45.89009,2059.880000000000109],[7.18786,45.88993,2059.35],[7.1882,45.88961,2066.58],[7.18826,45.88929,2070.880000000000109],[7.18836,45.8891,2073.5300000000002],[7.18845,45.88881,2076.179999999999836],[7.18852,45.88857,2079.56],[7.18853,45.88847,2081.010000000000218],[7.18852,45.88815,2087.1],[7.18859,45.88791,2095.300000000000182],[7.18855,45.88779,2098.19],[7.18846,45.88767,2099.679999999999836],[7.18842,45.8875,2102.31],[7.1883,45.88733,2102.69],[7.18821,45.88724,2103.35],[7.18807,45.88717,2103.81],[7.18844,45.88719,2104.570000000000164],[7.18814,45.887,2104.110000000000127],[7.18793,45.88678,2106.300000000000182],[7.18797,45.88667,2109.679999999999836],[7.18825,45.88627,2126.639999999999873],[7.18826,45.88617,2130.5],[7.18803,45.88604,2135.909999999999854],[7.188,45.88595,2140.880000000000109],[7.18778,45.88571,2152.2199999999998],[7.18744,45.88553,2161.179999999999836],[7.18711,45.88531,2171.69],[7.18676,45.88505,2177.5300000000002],[7.18647,45.88483,2177.610000000000127],[7.18615,45.88459,2176.08],[7.18571,45.88421,2168.19],[7.18566,45.88379,2166.739999999999782],[7.18576,45.88343,2175.15],[7.18576,45.88321,2181.0300000000002],[7.18571,45.88289,2187.6],[7.18547,45.8824,2192.7800000000002],[7.18525,45.88223,2194.050000000000182],[7.18507,45.882,2197.15],[7.1849,45.88192,2198.590000000000146],[7.18485,45.88181,2199.73],[7.18478,45.88176,2200.260000000000218],[7.18474,45.88164,2201.4],[7.18456,45.88142,2203.510000000000218],[7.18434,45.88127,2203.590000000000146],[7.1842,45.88097,2207.2199999999998],[7.18405,45.88062,2213.19],[7.18381,45.88003,2221.389999999999873],[7.18384,45.8796,2224.679999999999836],[7.18384,45.87928,2228.159999999999854],[7.18346,45.87824,2240.21],[7.18348,45.87804,2245.2199999999998],[7.18345,45.87798,2245.699999999999818],[7.1835,45.87788,2246.9699999999998],[7.18348,45.87745,2256.179999999999836],[7.18331,45.87731,2262.5],[7.18301,45.87704,2271.800000000000182],[7.18289,45.87658,2270.9699999999998],[7.18289,45.87639,2263.449999999999818],[7.18304,45.87622,2259.08],[7.18323,45.87617,2258.46],[7.18324,45.87609,2256.639999999999873],[7.1833,45.876,2256.83],[7.18332,45.8758,2257.85],[7.18333,45.87567,2261.659999999999854],[7.18331,45.87557,2264.179999999999836],[7.18327,45.87553,2263.869999999999891],[7.18323,45.87544,2263.5],[7.18321,45.87537,2263.590000000000146],[7.18318,45.8753,2263.860000000000127],[7.18298,45.87523,2266.679999999999836],[7.18296,45.87508,2272.0300000000002],[7.18289,45.87499,2276.33],[7.18275,45.87479,2284.7800000000002],[7.18273,45.87463,2288.27],[7.18264,45.8745,2290.5],[7.18245,45.87431,2295.7800000000002],[7.18223,45.87422,2297.679999999999836],[7.18213,45.87413,2299.320000000000164],[7.1819,45.87394,2303.550000000000182],[7.18197,45.87375,2308.2800000000002],[7.18207,45.87312,2313.760000000000218],[7.18191,45.8729,2316.0],[7.18191,45.87282,2318.369999999999891],[7.18183,45.87267,2321.869999999999891],[7.18175,45.87258,2323.6],[7.18145,45.87242,2324.679999999999836],[7.18131,45.87232,2325.7800000000002],[7.18098,45.87205,2332.090000000000146],[7.1806,45.87182,2343.06],[7.18023,45.87147,2356.21],[7.17972,45.87108,2358.92],[7.17939,45.87083,2366.5],[7.17915,45.87063,2372.5],[7.17882,45.87039,2383.85],[7.17842,45.87014,2391.46],[7.17808,45.86994,2395.679999999999836],[7.17787,45.86987,2395.52],[7.17736,45.86972,2394.6],[7.17722,45.86974,2393.83],[7.17692,45.86981,2397.409999999999854],[7.17637,45.86979,2406.35],[7.17607,45.86979,2411.619999999999891],[7.17545,45.86982,2412.85],[7.17531,45.86975,2411.04],[7.17481,45.86971,2420.340000000000146],[7.17441,45.8697,2432.69],[7.17406,45.86959,2446.4],[7.17398,45.86933,2435.15],[7.1738,45.86927,2437.2800000000002],[7.17334,45.86912,2447.7199999999998],[7.17305,45.86908,2454.570000000000164],[7.17273,45.86905,2458.42],[7.17227,45.86923,2468.96],[7.17202,45.86923,2474.610000000000127],[7.17187,45.8692,2477.75],[7.1717,45.86911,2480.869999999999891],[7.17098,45.86891,2485.699999999999818],[7.17088,45.8689,2485.929999999999836],[7.17063,45.86896,2485.050000000000182]]]}},
{"type":"Feature","properties":{"name":"tappa-01-dal-gran-s-bernardo-echevennoz","src":"AllTrails"},"geometry":{"type":"MultiLineString","coordinates":[[[7.17056,45.869,2484.83],[7.17033,45.86909,2482.199999999999818],[7.17005,45.8693,2476.23],[7.16969,45.86942,2469.570000000000164],[7.16925,45.8695,2464.639999999999873],[7.16861,45.8696,2470.639999999999873],[7.16832,45.86959,2470.949999999999818],[7.16735,45.86935,2468.320000000000164],[7.16703,45.86927,2465.73],[7.16672,45.86927,2463.130000000000109],[7.16624,45.86926,2460.820000000000164],[7.16575,45.86912,2458.239999999999782],[7.16547,45.86888,2455.9],[7.16517,45.86855,2457.4],[7.16497,45.86865,2459.85],[7.16481,45.86869,2463.380000000000109],[7.16458,45.86862,2465.659999999999854],[7.16437,45.86855,2466.760000000000218],[7.16424,45.86853,2467.17],[7.16409,45.86853,2467.15],[7.1639,45.86847,2465.52],[7.16368,45.86834,2462.6],[7.16348,45.86815,2455.739999999999782],[7.1634,45.8681,2454.199999999999818],[7.16326,45.86806,2452.6],[7.1631,45.86804,2450.67],[7.16296,45.86804,2447.04],[7.16288,45.86799,2443.04],[7.16285,45.86782,2438.44],[7.16286,45.86768,2435.340000000000146],[7.16273,45.86773,2434.880000000000109],[7.16255,45.8678,2433.2199999999998],[7.16243,45.86789,2431.449999999999818],[7.1623,45.86793,2428.110000000000127],[7.16215,45.86797,2424.7199999999998],[7.162,45.86801,2421.71],[7.1619,45.86796,2418.389999999999873],[7.16188,45.86808,2420.340000000000146],[7.16183,45.86815,2421.2800000000002],[7.16167,45.86817,2415.7800000000002],[7.1616,45.86822,2413.73],[7.16149,45.86827,2410.090000000000146],[7.16139,45.8683,2406.56],[7.16131,45.8685,2408.85],[7.1612,45.86869,2410.85],[7.16094,45.86884,2406.4699999999998],[7.16065,45.86898,2400.69],[7.1604,45.86906,2395.090000000000146],[7.15997,45.86924,2388.79],[7.15973,45.86931,2386.820000000000164],[7.15946,45.86932,2380.369999999999891],[7.15919,45.86935,2374.820000000000164],[7.15891,45.86944,2371.369999999999891],[7.15874,45.86953,2375.610000000000127],[7.15843,45.86957,2376.48],[7.15819,45.86957,2375.15],[7.1579,45.86951,2369.820000000000164],[7.15764,45.86941,2365.880000000000109],[7.15744,45.86927,2363.94],[7.15737,45.86911,2359.46],[7.15728,45.86895,2352.260000000000218],[7.15715,45.86871,2346.699999999999818],[7.15706,45.86855,2344.71],[7.15707,45.86846,2341.880000000000109],[7.1571,45.86826,2335.56],[7.15707,45.86802,2328.5],[7.15699,45.86779,2320.9],[7.15686,45.86769,2316.73],[7.15667,45.86763,2314.739999999999782],[7.15644,45.86756,2311.909999999999854],[7.15627,45.86749,2310.2199999999998],[7.15616,45.86748,2310.300000000000182],[7.15607,45.86748,2310.19],[7.15606,45.86742,2308.65],[7.15615,45.86721,2303.489999999999782],[7.15623,45.86704,2304.75],[7.15626,45.86694,2304.92],[7.15631,45.86691,2304.33],[7.15634,45.86676,2301.25],[7.15634,45.86658,2298.1],[7.15627,45.86633,2295.04],[7.1562,45.86608,2291.739999999999782],[7.15617,45.86587,2290.08],[7.15623,45.86565,2288.159999999999854],[7.15637,45.86541,2284.23],[7.15642,45.86529,2283.79],[7.15644247354789,45.865255268153255,2283.162783837572078],[7.15653,45.86512,2280.7199999999998],[7.15672,45.86489,2279.27],[7.15693,45.86469,2280.340000000000146],[7.15704,45.86448,2276.17],[7.15714,45.86436,2270.79],[7.15725,45.86425,2263.83],[7.15727,45.86412,2257.35],[7.15728,45.86402,2253.050000000000182],[7.15734,45.86392,2248.4],[7.15752,45.86378,2241.94],[7.15773,45.86377,2239.949999999999818],[7.1579,45.86374,2236.7800000000002],[7.15797,45.86369,2232.7800000000002],[7.15794,45.86357,2227.179999999999836],[7.15784,45.86344,2225.0300000000002],[7.15791,45.86337,2222.869999999999891],[7.15809,45.8633,2221.619999999999891],[7.15837,45.86329,2222.54],[7.15847,45.86322,2220.7800000000002],[7.15849,45.86314,2220.010000000000218],[7.15859,45.86297,2220.7199999999998],[7.15864,45.86282,2221.4],[7.15864,45.86275,2221.35],[7.15871,45.86269,2221.75],[7.15887,45.86265,2222.159999999999854],[7.15905,45.86262,2221.510000000000218],[7.15918,45.86257,2220.199999999999818],[7.15931,45.86246,2220.429999999999836],[7.15947,45.86228,2217.83],[7.15957,45.86222,2216.880000000000109],[7.15966,45.86216,2216.58],[7.15969,45.86211,2215.889999999999873],[7.15959,45.86209,2215.35],[7.15948,45.86201,2214.429999999999836],[7.15944,45.86192,2213.48],[7.15943,45.86178,2210.54],[7.15943,45.86171,2209.070000000000164],[7.15944,45.86157,2205.96],[7.15945,45.86135,2201.58],[7.15949,45.86116,2199.659999999999854],[7.15956,45.86099,2196.04],[7.15965,45.86091,2194.83],[7.15988,45.86076,2195.300000000000182],[7.16004,45.86059,2193.679999999999836],[7.16008,45.8603,2190.02],[7.16016,45.85997,2181.360000000000127],[7.1602,45.85967,2176.159999999999854],[7.1602,45.85951,2170.4],[7.1603,45.85944,2170.69],[7.16048,45.85937,2175.21],[7.16085,45.8593,2184.590000000000146],[7.16103,45.85922,2184.260000000000218],[7.16107,45.8591,2181.15],[7.16104,45.85895,2177.75],[7.161,45.85876,2169.98],[7.16105,45.85854,2158.449999999999818],[7.16105,45.85823,2140.9699999999998],[7.16111,45.85809,2138.090000000000146],[7.16142,45.85776,2138.880000000000109],[7.16151,45.85761,2138.48],[7.16171,45.85741,2139.260000000000218],[7.16179,45.8572,2135.67],[7.16182,45.85699,2127.179999999999836],[7.16184,45.85687,2122.5300000000002],[7.16199,45.85657,2118.02],[7.16206,45.85645,2118.2199999999998],[7.16206,45.85625,2109.070000000000164],[7.16216,45.856,2104.320000000000164],[7.16222,45.85568,2092.73],[7.16236,45.85553,2090.449999999999818],[7.16242,45.85543,2088.239999999999782],[7.16257,45.85513,2079.9],[7.16281,45.85493,2076.15],[7.16303,45.85475,2070.4],[7.16311,45.8546,2064.79],[7.16344,45.85439,2062.119999999999891],[7.16371,45.85423,2058.570000000000164],[7.16404,45.85411,2057.679999999999836],[7.16435,45.85401,2058.17],[7.16453,45.85396,2058.590000000000146],[7.16458,45.85387,2054.909999999999854],[7.16476,45.85374,2051.23],[7.16493,45.85368,2051.08],[7.16514,45.85351,2044.2],[7.16539,45.8533,2036.98],[7.16558,45.85318,2032.1400000000001],[7.16576,45.85309,2031.06],[7.16591,45.85293,2022.96],[7.16617,45.85282,2021.31],[7.1664,45.8527,2017.43],[7.1665,45.8526,2013.49],[7.16659,45.85235,1999.96],[7.16684,45.85216,1991.18],[7.16707,45.852,1984.07],[7.16739,45.85186,1980.57],[7.16771,45.85178,1979.28],[7.16807,45.85172,1979.74],[7.16834,45.85163,1979.77],[7.16873,45.85146,1978.56],[7.16901,45.85141,1981.880000000000109],[7.16936,45.85133,1977.93],[7.16954,45.85127,1972.32],[7.16973,45.85115,1963.4],[7.16989,45.85111,1961.53],[7.17029,45.85109,1961.55],[7.17066,45.85111,1960.93],[7.17081,45.85105,1957.26],[7.17093,45.85092,1949.22],[7.17089,45.85086,1945.76],[7.17076,45.8508,1941.9],[7.17066,45.85077,1940.18],[7.17064,45.85068,1934.83],[7.17052,45.85064,1932.72],[7.17035,45.85061,1930.09],[7.17034,45.85056,1926.74],[7.17057,45.85053,1926.41],[7.17081,45.85045,1919.3900000000001],[7.17093,45.85043,1916.47],[7.17102,45.85047,1917.77],[7.17108,45.85044,1914.96],[7.17099,45.85031,1907.83],[7.17085,45.85018,1902.15],[7.17066,45.85008,1898.22],[7.17045,45.85003,1895.99],[7.17024,45.85002,1895.09],[7.16996,45.85007,1896.32],[7.16976,45.85014,1900.21],[7.16956,45.85013,1896.71],[7.16945,45.85009,1891.9],[7.16948,45.85001,1886.3900000000001],[7.16974,45.84987,1877.11],[7.16997,45.84978,1871.73],[7.17022,45.84974,1871.67],[7.17033,45.84969,1867.91],[7.17026,45.84965,1864.03],[7.17012,45.84963,1860.66],[7.17008,45.8496,1857.65],[7.17027,45.84955,1854.82],[7.1704,45.84949,1850.66],[7.17069,45.84937,1844.369999999999891],[7.17101,45.84927,1841.3900000000001],[7.17132,45.84925,1839.85],[7.17157,45.84926,1838.61],[7.17181,45.84919,1834.02],[7.17201,45.84915,1830.48],[7.17222,45.84914,1827.869999999999891],[7.17252,45.84914,1826.71],[7.17288,45.84901,1821.86],[7.17322,45.8488,1816.65],[7.17366,45.84854,1815.24],[7.17381,45.84842,1815.52],[7.17395,45.84829,1815.48],[7.17405,45.84808,1809.69],[7.17414,45.84778,1791.49],[7.17422,45.84758,1781.9],[7.17451,45.84732,1766.47],[7.1748,45.84708,1758.119999999999891],[7.17498,45.84693,1755.01],[7.17528,45.84673,1753.26],[7.17558,45.84661,1756.57],[7.17588,45.8465,1764.02],[7.17603,45.84638,1765.25],[7.17617,45.8462,1758.09],[7.17635,45.84594,1749.26],[7.17648,45.84567,1734.19],[7.17669,45.84536,1727.16],[7.17681,45.84522,1726.869999999999891],[7.17695,45.84514,1728.27],[7.17705,45.84496,1725.6],[7.17742,45.84463,1726.76],[7.17783,45.84428,1721.44],[7.17833,45.84386,1717.67],[7.17879,45.84352,1716.26],[7.17904,45.84337,1716.45],[7.17937,45.84317,1718.76],[7.17963,45.84303,1716.45],[7.17983,45.84282,1711.91],[7.17996,45.84262,1710.54],[7.17998,45.84236,1707.27],[7.18006,45.84195,1701.42],[7.18014,45.8415,1693.92],[7.1803,45.84109,1690.16],[7.18044,45.8408,1690.97],[7.1807,45.84052,1684.85],[7.181,45.84017,1663.619999999999891],[7.18118,45.8399,1658.95],[7.1813,45.83979,1659.880000000000109],[7.18118,45.83981,1658.47],[7.18109,45.83979,1657.3],[7.18122,45.8397,1658.36],[7.18149,45.83947,1657.49],[7.18179,45.83914,1656.92],[7.18215,45.83888,1652.43],[7.18229,45.83873,1646.74],[7.18238,45.83856,1639.92],[7.18274,45.83804,1632.02],[7.18311,45.83753,1627.44],[7.18339,45.83712,1619.23],[7.18365,45.83656,1621.0],[7.18373,45.83643,1622.42],[7.18376,45.83623,1621.8900000000001],[7.18379,45.83603,1620.06],[7.18387,45.8357,1614.95],[7.18398,45.83534,1611.19],[7.18405,45.8351,1606.47],[7.18411,45.83503,1605.2],[7.18432,45.83491,1601.91],[7.18408,45.83473,1593.85],[7.18376,45.83454,1592.1400000000001],[7.18375,45.83444,1591.02],[7.18417,45.83375,1588.35],[7.1847,45.83286,1583.67],[7.18494,45.83236,1582.68],[7.18506,45.83196,1581.93],[7.18525,45.8314,1549.9],[7.18525,45.83102,1552.43],[7.18526,45.8306,1560.91],[7.18525,45.83035,1565.06],[7.18516,45.82997,1568.67],[7.18509,45.8298,1564.65],[7.18491,45.8295,1558.72],[7.18486,45.8293,1553.08],[7.18483,45.82885,1548.78],[7.18481,45.82864,1552.65],[7.18467,45.82838,1560.5],[7.18462,45.82824,1560.92],[7.18473,45.82779,1550.92],[7.18475,45.8276,1548.18],[7.18463,45.82689,1547.58],[7.18445,45.82582,1543.85],[7.18434,45.82561,1544.85],[7.18418,45.82545,1546.07],[7.18357,45.8253,1549.46],[7.18291,45.82512,1549.869999999999891],[7.1826,45.82509,1551.55],[7.18226,45.82507,1554.36],[7.18212,45.82496,1552.44],[7.18179,45.82449,1547.3900000000001],[7.18164,45.82425,1549.95],[7.18173,45.82409,1549.44],[7.18179,45.82402,1549.1400000000001],[7.18161,45.82387,1549.22],[7.18142,45.82372,1544.1],[7.18105,45.82356,1535.41],[7.1807,45.82347,1533.99],[7.18049,45.82341,1534.75],[7.18041,45.82331,1536.3900000000001],[7.18033,45.82312,1539.7],[7.18019,45.823,1541.7],[7.17973,45.82281,1546.05],[7.17939,45.82262,1547.98],[7.17916,45.82246,1546.91],[7.17915,45.82227,1541.65],[7.17926,45.8221,1536.31],[7.1792,45.822,1535.42],[7.17919,45.82185,1532.51],[7.17921,45.82178,1530.58],[7.17938,45.82163,1523.34],[7.17942,45.82151,1519.02],[7.17944,45.82139,1515.130000000000109],[7.17961,45.82137,1511.22],[7.17979,45.82142,1508.65],[7.17997,45.82159,1509.53],[7.18025,45.82169,1507.75],[7.18058,45.82171,1503.23],[7.181,45.82169,1496.44],[7.18127,45.82167,1493.77],[7.18136,45.82165,1493.130000000000109],[7.18183,45.82172,1492.11],[7.1822,45.82175,1487.09],[7.18229,45.82173,1484.85],[7.18241,45.82177,1483.6400000000001],[7.18262,45.82187,1481.93],[7.18274,45.82186,1480.02],[7.18285,45.82177,1477.11],[7.18298,45.8217,1473.95],[7.18312,45.82174,1473.48],[7.18338,45.82186,1474.93],[7.18357,45.82193,1475.83],[7.18376,45.82193,1471.24],[7.18391,45.82187,1465.0],[7.18402,45.82182,1460.4],[7.18416,45.82178,1455.44],[7.1843,45.82183,1453.630000000000109],[7.18447,45.82189,1451.7],[7.18475,45.82193,1446.98],[7.185,45.82195,1442.18],[7.18525,45.822,1440.2],[7.18546,45.82209,1433.59],[7.18567,45.82227,1428.56],[7.18581,45.82238,1423.61],[7.18604,45.8225,1415.84],[7.18622,45.8226,1414.33],[7.18639,45.82266,1413.18],[7.18652,45.82265,1412.46],[7.18656,45.82258,1409.45],[7.18658,45.82244,1403.630000000000109],[7.18664,45.82229,1397.04],[7.18667,45.82222,1393.93],[7.18658,45.82215,1392.65],[7.18659,45.82206,1389.26],[7.18663,45.82194,1384.47],[7.1867,45.82188,1382.84],[7.18687,45.82183,1380.41],[7.1872,45.82173,1373.56],[7.18737,45.82162,1369.17],[7.18758,45.82144,1364.16],[7.18774,45.82115,1362.380000000000109],[7.18787,45.82091,1368.04],[7.18803,45.82072,1370.369999999999891],[7.18829,45.82084,1368.8900000000001],[7.18864,45.821,1368.15],[7.18892,45.82114,1371.72],[7.1891,45.82117,1372.869999999999891],[7.1893,45.82112,1372.16],[7.18957,45.82112,1372.16],[7.18982,45.82111,1371.97],[7.18996,45.82112,1372.21],[7.19043,45.821,1367.869999999999891],[7.19071,45.8209,1366.0],[7.19099,45.8208,1366.23],[7.19141,45.82075,1366.95],[7.19192,45.82069,1366.34],[7.19251,45.82065,1366.3900000000001],[7.19298,45.82068,1366.59],[7.19373,45.82078,1366.6],[7.19444,45.82082,1364.81],[7.19481,45.82081,1367.61],[7.19492,45.82081,1367.6400000000001],[7.19505,45.82084,1367.82],[7.19522,45.82085,1366.98],[7.19549,45.82079,1364.28],[7.19569,45.82074,1363.02],[7.19592,45.82073,1361.94],[7.1962,45.82073,1361.380000000000109],[7.19638,45.8208,1361.880000000000109],[7.19657,45.82081,1361.26],[7.19676,45.82086,1360.71],[7.19692,45.82092,1359.7],[7.19716,45.82091,1355.27],[7.1975,45.82092,1353.119999999999891],[7.19779,45.82094,1353.869999999999891],[7.1981,45.821,1356.46],[7.19842,45.82103,1357.79],[7.19875,45.82109,1360.28],[7.19913,45.82117,1364.85],[7.19946,45.82135,1369.04],[7.19996,45.82158,1365.05],[7.20028,45.82169,1359.82],[7.20065,45.82173,1358.2],[7.20102,45.82177,1356.58],[7.20124,45.82177,1354.05],[7.20164,45.8217,1347.07],[7.2019,45.82164,1344.17],[7.20216,45.82169,1346.36],[7.2027,45.82186,1358.05],[7.2031,45.82198,1360.05],[7.20365,45.82217,1359.42],[7.20395,45.82225,1357.6400000000001],[7.20426,45.8223,1357.369999999999891],[7.20469,45.82228,1353.77],[7.20528,45.82228,1349.52],[7.20564,45.82232,1349.93],[7.20581,45.8224,1355.21],[7.20616,45.8226,1365.59],[7.20651,45.82279,1372.369999999999891],[7.20675,45.82298,1376.97],[7.20689,45.82312,1382.27],[7.20703,45.82325,1386.69],[7.20722,45.82336,1389.69],[7.20742,45.82355,1392.01],[7.20758,45.8237,1393.16],[7.20781,45.82374,1389.74],[7.20807,45.82386,1387.32],[7.20832,45.8239,1385.51],[7.20853,45.82391,1385.08],[7.20884,45.82386,1383.94],[7.20909,45.82384,1381.84],[7.20974,45.82397,1383.79],[7.21013,45.82408,1385.119999999999891],[7.21055,45.82419,1385.6400000000001],[7.21092,45.82424,1381.86],[7.21149,45.82432,1378.7],[7.21205,45.82438,1379.44],[7.21267,45.82444,1378.42],[7.21321,45.82451,1377.98],[7.21379,45.82471,1384.76],[7.21425,45.8249,1375.84],[7.21456,45.825,1367.67],[7.2147,45.82501,1363.96],[7.21475,45.82499,1362.42],[7.21465,45.82495,1364.130000000000109],[7.21463,45.82485,1362.78],[7.21467,45.82474,1359.65],[7.21453,45.8246,1360.61],[7.21439,45.82444,1359.84],[7.21433,45.82429,1355.7],[7.21435,45.82417,1351.45],[7.21454,45.82399,1349.42],[7.21462,45.8239,1347.8900000000001],[7.21474,45.82396,1348.119999999999891],[7.21496,45.8241,1349.53],[7.21523,45.82425,1349.1],[7.21561,45.82428,1345.7],[7.21607,45.82422,1344.9],[7.2164,45.82419,1345.55],[7.2168,45.82422,1347.05],[7.21728,45.82437,1350.18],[7.21783,45.82451,1347.57],[7.21842,45.82467,1345.81],[7.2188,45.82476,1345.5],[7.21908,45.82478,1343.99],[7.21929,45.8248,1344.32],[7.21951,45.82477,1343.03],[7.21967,45.82463,1337.02],[7.21992,45.82445,1330.68],[7.22016,45.82429,1329.82],[7.22044,45.82412,1327.65],[7.22072,45.82393,1324.8900000000001],[7.22108,45.82381,1324.68],[7.22157,45.82366,1324.6],[7.22187,45.8235,1322.22],[7.22213,45.82324,1317.98],[7.22228,45.82304,1314.6400000000001],[7.22251,45.82289,1315.130000000000109],[7.223,45.82271,1317.18],[7.22346,45.82261,1319.380000000000109],[7.22402,45.82261,1320.32],[7.22449,45.82254,1318.74],[7.22502,45.82247,1317.07],[7.22557,45.82248,1315.4],[7.22593,45.82246,1312.44],[7.22643,45.82242,1307.98],[7.22703,45.82225,1300.3900000000001],[7.22746,45.82213,1296.44],[7.22804,45.82192,1291.47],[7.22805,45.82187,1290.3900000000001],[7.22796,45.82181,1289.1],[7.22807,45.8218,1288.85],[7.22825,45.8218,1288.52],[7.22852,45.82174,1287.03],[7.22886,45.82165,1284.65],[7.22954,45.82152,1278.72],[7.22992,45.82143,1274.369999999999891],[7.2303,45.82129,1269.71],[7.23051,45.82117,1270.0],[7.23061,45.82106,1270.01],[7.23082,45.82088,1269.69],[7.23102,45.82069,1269.1],[7.2311,45.82064,1268.75],[7.2309,45.82055,1266.22],[7.23068,45.82039,1264.19],[7.23046,45.82012,1261.28],[7.23034,45.81994,1260.74],[7.23027,45.81976,1260.08],[7.23032,45.81947,1260.8900000000001],[7.23034,45.81934,1262.5],[7.23046,45.81928,1263.369999999999891],[7.23045,45.81923,1264.09],[7.2301,45.81922,1264.11],[7.23002,45.81914,1265.6],[7.23007,45.81904,1268.08],[7.23035,45.81903,1269.68],[7.23083,45.81906,1270.21],[7.23103,45.819,1272.880000000000109],[7.23121,45.8189,1275.869999999999891],[7.23159,45.81871,1279.22],[7.23182,45.81857,1282.73],[7.23213,45.81843,1286.79],[7.23244,45.8183,1290.869999999999891],[7.23271,45.81812,1295.19],[7.23295,45.818,1295.85],[7.23323,45.81785,1296.66],[7.23356,45.81779,1289.2],[7.23394,45.81765,1285.27],[7.23418,45.81749,1288.31],[7.23452,45.81736,1288.17],[7.23474,45.81728,1287.27],[7.2349,45.81705,1296.68],[7.23519,45.81682,1298.06],[7.23536,45.81676,1295.869999999999891],[7.23586,45.81668,1287.84],[7.23602,45.81661,1285.04],[7.23644,45.8162,1278.85],[7.23688,45.81581,1276.6],[7.23715,45.81552,1268.76],[7.23722,45.81528,1264.1],[7.23728,45.81481,1261.08],[7.23741,45.81458,1257.11],[7.23762,45.81454,1249.72],[7.23764,45.81439,1250.85],[7.23764,45.8141,1251.630000000000109],[7.23763,45.81381,1247.99],[7.23755,45.81353,1245.73],[7.23744,45.81302,1243.45],[7.23741,45.81275,1245.52],[7.23749,45.81255,1247.98],[7.23788,45.81221,1246.29],[7.23814,45.81186,1240.78],[7.23825,45.81155,1234.46],[7.23826,45.81133,1233.96],[7.23833,45.81114,1234.61],[7.23834,45.8109,1243.9],[7.23846,45.8107,1244.8],[7.23893,45.81029,1239.74],[7.23926,45.81004,1239.22],[7.23943,45.80998,1239.74],[7.23968,45.80998,1236.380000000000109],[7.23992,45.80989,1235.23],[7.23996,45.80976,1238.74],[7.23985,45.8096,1242.74],[7.23978,45.80945,1243.97],[7.23983,45.80925,1246.02],[7.24005,45.80911,1244.59],[7.24028,45.80896,1245.91],[7.24037,45.80886,1247.07],[7.24054,45.80864,1249.55],[7.24066,45.80863,1248.45],[7.24083,45.8086,1247.36],[7.24114,45.8085,1248.28],[7.24131,45.80855,1246.85],[7.24145,45.80857,1246.41],[7.24164,45.80854,1246.54],[7.2419,45.80835,1247.880000000000109]]]}},
{"type":"Feature","properties":{"name":"tappa-02-da-echevennoz-ad-aosta","src":"AllTrails"},"geometry":{"type":"MultiLineString","coordinates":[[[7.2419,45.80835,1247.880000000000109],[7.24199,45.80828,1249.16],[7.24215,45.80823,1250.880000000000109],[7.24239,45.80805,1255.78],[7.24255,45.8079,1261.04],[7.24262,45.8079,1261.04],[7.24267,45.80799,1258.119999999999891],[7.24289,45.8081,1254.01],[7.24318,45.80816,1248.3],[7.24343,45.80816,1243.03],[7.24377,45.80809,1237.84],[7.24404,45.80791,1237.71],[7.24427,45.80768,1239.69],[7.24445,45.80751,1241.56],[7.24455,45.80727,1246.3900000000001],[7.24467,45.80713,1251.98],[7.24481,45.80705,1256.3],[7.24496,45.80705,1256.3],[7.24512,45.80708,1254.44],[7.24541,45.80709,1254.46],[7.24583,45.80719,1250.4],[7.2462,45.80726,1246.46],[7.24651,45.80725,1245.93],[7.24675,45.80718,1246.380000000000109],[7.24684,45.80712,1246.98],[7.24705,45.80709,1244.630000000000109],[7.24742,45.80706,1238.94],[7.24779,45.80692,1237.69],[7.24792,45.80676,1241.29],[7.24808,45.80652,1244.95],[7.24822,45.80649,1244.26],[7.2485,45.80651,1241.54],[7.24876,45.80657,1238.97],[7.24888,45.80669,1236.73],[7.24908,45.80673,1235.24],[7.24922,45.80667,1235.55],[7.24933,45.8065,1236.98],[7.24939,45.80621,1242.06],[7.24946,45.80609,1244.880000000000109],[7.24968,45.80608,1246.91],[7.25001,45.80616,1247.07],[7.25026,45.80631,1245.44],[7.25053,45.80641,1242.25],[7.25101,45.80654,1234.83],[7.25141,45.8065,1232.22],[7.25176,45.80637,1233.630000000000109],[7.25209,45.8062,1236.42],[7.25242,45.80606,1238.619999999999891],[7.25273,45.80594,1239.8],[7.25308,45.80579,1238.33],[7.25331,45.8056,1237.4],[7.25345,45.80538,1247.22],[7.25355,45.80525,1253.57],[7.25371,45.80519,1254.01],[7.25395,45.80521,1244.86],[7.25416,45.80514,1241.69],[7.25457,45.80496,1245.5],[7.25473,45.80483,1253.36],[7.25494,45.80471,1254.880000000000109],[7.25502,45.80458,1260.130000000000109],[7.25512,45.80451,1259.93],[7.25539,45.80446,1252.46],[7.2557,45.80439,1244.58],[7.25578,45.80432,1247.04],[7.25595,45.80427,1245.06],[7.25606,45.80418,1250.54],[7.2564,45.80409,1246.04],[7.25654,45.80403,1247.76],[7.25689,45.80397,1243.69],[7.25717,45.80384,1245.46],[7.25736,45.8038,1245.3],[7.25753,45.80365,1257.54],[7.25782,45.80361,1257.33],[7.25812,45.80357,1253.85],[7.25833,45.80353,1250.69],[7.25859,45.8035,1249.7],[7.25888,45.80345,1245.92],[7.25901,45.80345,1243.76],[7.25912,45.80348,1237.59],[7.25926,45.80339,1249.68],[7.2594,45.80332,1259.53],[7.25971,45.80326,1263.28],[7.2601,45.80316,1263.15],[7.26035,45.80306,1270.98],[7.26054,45.80312,1256.55],[7.26081,45.80306,1258.07],[7.26114,45.80293,1269.27],[7.2616,45.8028,1274.46],[7.26202,45.80273,1267.83],[7.26241,45.80267,1262.2],[7.26281,45.80254,1259.130000000000109],[7.26307,45.80244,1253.95],[7.26347,45.80229,1248.04],[7.26384,45.80217,1243.09],[7.26433,45.80207,1239.119999999999891],[7.26461,45.80199,1238.77],[7.2651,45.80172,1243.76],[7.26549,45.8014,1249.26],[7.2657,45.80127,1249.36],[7.26582,45.80108,1254.75],[7.26594,45.80072,1269.55],[7.26594,45.80051,1279.74],[7.26599,45.8004,1279.74],[7.26612,45.80039,1276.369999999999891],[7.26617,45.80052,1272.31],[7.26638,45.80066,1262.04],[7.26642,45.80078,1256.96],[7.26648,45.80087,1253.0],[7.2667,45.80092,1250.77],[7.26694,45.80106,1248.95],[7.26722,45.80126,1241.55],[7.26746,45.80136,1239.59],[7.26765,45.80142,1236.21],[7.26786,45.80139,1239.09],[7.26799,45.80127,1242.21],[7.26818,45.80106,1249.7],[7.26847,45.80097,1247.130000000000109],[7.26877,45.80106,1236.630000000000109],[7.26897,45.80105,1231.33],[7.26929,45.80091,1228.8900000000001],[7.26957,45.80073,1234.16],[7.26986,45.80049,1245.92],[7.26987,45.80036,1252.76],[7.26991,45.80023,1259.76],[7.27003,45.80017,1262.83],[7.27042,45.80025,1255.06],[7.27065,45.80026,1247.01],[7.27084,45.80009,1244.5],[7.27117,45.80003,1234.52],[7.27143,45.79997,1230.27],[7.27162,45.7998,1231.73],[7.27183,45.79964,1231.79],[7.27211,45.79946,1230.66],[7.27233,45.79935,1232.19],[7.2725,45.79924,1232.8900000000001],[7.27259,45.79908,1240.3],[7.27264,45.79889,1251.91],[7.27274,45.79882,1254.97],[7.27302,45.79875,1256.380000000000109],[7.2733,45.79878,1249.630000000000109],[7.27349,45.79873,1250.52],[7.27383,45.79849,1259.35],[7.27403,45.79834,1266.83],[7.27433,45.79831,1264.45],[7.27481,45.7982,1263.57],[7.27526,45.79803,1264.99],[7.27572,45.79789,1252.61],[7.27614,45.79777,1243.56],[7.27673,45.79761,1235.47],[7.27713,45.79743,1232.45],[7.27761,45.79712,1236.34],[7.27811,45.79677,1235.27],[7.2784,45.79658,1239.56],[7.2787,45.79628,1239.58],[7.27898,45.7961,1238.85],[7.27905,45.79599,1239.42],[7.27907,45.79589,1240.58],[7.27922,45.79582,1238.9],[7.27939,45.7958,1235.3],[7.27957,45.79573,1231.09],[7.27981,45.79549,1225.2],[7.27999,45.79526,1218.61],[7.28026,45.79486,1215.94],[7.28061,45.79446,1216.11],[7.28092,45.79395,1210.58],[7.28111,45.79356,1208.76],[7.2813,45.79325,1211.18],[7.28135,45.79299,1216.49],[7.2815,45.79274,1221.11],[7.28182,45.79234,1222.61],[7.28191,45.79201,1225.23],[7.28176,45.79174,1232.27],[7.28146,45.79144,1243.08],[7.28116,45.79116,1242.41],[7.28065,45.79085,1242.0],[7.28027,45.79062,1236.66],[7.28004,45.79028,1233.03],[7.27996,45.79007,1228.99],[7.27968,45.78993,1231.1],[7.27949,45.78971,1228.2],[7.27929,45.78955,1225.54],[7.27909,45.78949,1226.21],[7.27881,45.78946,1228.51],[7.27851,45.78934,1229.96],[7.27823,45.78923,1232.06],[7.27815,45.78909,1231.84],[7.27824,45.78877,1227.35],[7.27815,45.78845,1227.57],[7.27801,45.78811,1235.869999999999891],[7.27782,45.78779,1241.67],[7.27754,45.78752,1244.16],[7.27749,45.78744,1246.33],[7.27766,45.78742,1246.71],[7.27792,45.78742,1247.18],[7.27826,45.78749,1248.99],[7.27855,45.78758,1249.55],[7.27889,45.78778,1239.869999999999891],[7.27948,45.78798,1228.46],[7.28006,45.78807,1221.02],[7.28048,45.78803,1230.56],[7.28087,45.78812,1225.630000000000109],[7.28127,45.78815,1225.86],[7.28176,45.78806,1236.75],[7.28199,45.7881,1237.3],[7.28217,45.78804,1242.44],[7.28239,45.78808,1243.25],[7.28275,45.78832,1234.56],[7.2833,45.78849,1231.880000000000109],[7.28393,45.78858,1227.98],[7.2847,45.78871,1220.01],[7.28523,45.78873,1219.84],[7.28571,45.78865,1221.71],[7.28618,45.78849,1222.19],[7.2865,45.78838,1218.76],[7.28671,45.78848,1212.52],[7.28704,45.78852,1205.130000000000109],[7.28745,45.78849,1195.82],[7.2879,45.78841,1188.61],[7.28829,45.78827,1184.46],[7.28856,45.78803,1180.67],[7.28876,45.78773,1179.49],[7.28917,45.78745,1170.82],[7.28978,45.78726,1160.24],[7.29042,45.78708,1148.98],[7.29085,45.78683,1140.41],[7.29124,45.78661,1132.21],[7.29158,45.78637,1121.1400000000001],[7.29185,45.78615,1113.86],[7.29218,45.78589,1102.08],[7.29216,45.78554,1097.380000000000109],[7.29228,45.78526,1094.73],[7.29256,45.785,1084.54],[7.2926,45.78483,1084.119999999999891],[7.29272,45.78482,1078.16],[7.29279,45.78504,1071.99],[7.29299,45.7851,1067.65],[7.29346,45.78504,1060.18],[7.29377,45.78499,1056.96],[7.29412,45.78478,1046.71],[7.2941,45.78461,1041.56],[7.29433,45.78452,1034.75],[7.29478,45.78414,1018.41],[7.29512,45.78377,1009.66],[7.29538,45.78362,1004.98],[7.29571,45.78335,999.56],[7.29611,45.78312,997.23],[7.29656,45.78293,993.37],[7.29673,45.78267,992.1],[7.29675,45.7823,988.46],[7.29691,45.78192,983.46],[7.297,45.78174,979.73],[7.29689,45.78167,977.88],[7.29661,45.78165,976.36],[7.29629,45.7817,977.11],[7.29606,45.78159,974.67],[7.29583,45.78137,970.69],[7.29564,45.78122,970.2],[7.29544,45.781,969.66],[7.29515,45.78049,969.44],[7.29496,45.78007,961.7],[7.29497,45.77976,955.77],[7.29528,45.77915,947.7],[7.29545,45.77914,947.34],[7.29547,45.77872,940.74],[7.29554,45.77854,940.91],[7.29602,45.77845,942.74],[7.29664,45.7784,939.95],[7.29723,45.77835,935.71],[7.29757,45.7783,931.62],[7.29803,45.77812,927.16],[7.2982,45.77794,925.91],[7.29803,45.77774,930.71],[7.29762,45.77754,934.05],[7.29751,45.77742,934.03],[7.29751,45.77731,932.84],[7.29763,45.77719,930.31],[7.29798,45.77707,924.51],[7.29831,45.77693,920.56],[7.29861,45.77681,917.96],[7.29886,45.7767,915.15],[7.29902,45.77658,914.85],[7.29912,45.77642,915.67],[7.29918,45.77626,916.45],[7.29923,45.77614,916.74],[7.29932,45.77602,914.58],[7.29937,45.77595,913.14],[7.29941,45.77601,911.99],[7.29937,45.7761,913.14],[7.29934,45.77622,912.2],[7.29934,45.77636,909.86],[7.29938,45.77649,907.19],[7.29936,45.7767,905.97],[7.2993,45.77683,906.75],[7.29913,45.77695,909.36],[7.29901,45.77703,910.08],[7.29897,45.77711,909.93],[7.29902,45.77719,908.82],[7.29919,45.77722,906.51],[7.2994,45.77725,901.84],[7.29961,45.7773,897.48],[7.29991,45.7774,892.21],[7.30024,45.77747,888.11],[7.30052,45.77755,885.61],[7.30076,45.77777,882.31],[7.30101,45.77773,877.82],[7.30123,45.77771,874.3],[7.30153,45.77761,867.74],[7.30178,45.77762,862.89],[7.30199,45.77766,859.64],[7.30222,45.77759,853.98],[7.30259,45.77749,847.79],[7.30286,45.77753,845.14],[7.30313,45.77755,841.56],[7.30347,45.77746,835.74],[7.30379,45.77733,831.24],[7.30411,45.77723,827.62],[7.30434,45.77709,824.5],[7.30479,45.77697,820.56],[7.30537,45.77689,815.55],[7.30551,45.77684,813.99],[7.30557,45.77673,813.19],[7.30544,45.77664,812.78],[7.30517,45.77655,812.36],[7.305,45.77642,812.34],[7.30498,45.77633,812.71],[7.30513,45.77615,811.45],[7.30536,45.77579,809.91],[7.30546,45.77554,814.79],[7.30571,45.77538,815.76],[7.30637,45.77529,810.9],[7.30719,45.77517,808.01],[7.30785,45.77506,804.67],[7.3082,45.77496,803.16],[7.30841,45.77483,803.62],[7.30855,45.77461,805.34],[7.30846,45.77445,807.58],[7.30816,45.77434,810.13],[7.30786,45.77423,811.32],[7.30775,45.77405,811.56],[7.30783,45.77384,811.75],[7.30791,45.77357,812.11],[7.30801,45.77324,808.81],[7.3081,45.77279,808.39],[7.30848,45.77219,809.46],[7.30869,45.7719,804.39],[7.3092,45.77174,797.61],[7.30981,45.77169,788.65],[7.31016,45.77168,785.35],[7.31043,45.77164,784.25],[7.31057,45.77173,783.54],[7.31059,45.77196,781.95],[7.31088,45.77201,775.51],[7.31102,45.77186,773.41],[7.31104,45.7714,774.08],[7.31073,45.77119,776.34],[7.31015,45.77086,779.67],[7.30991,45.77062,783.41],[7.30988,45.77028,785.72],[7.31025,45.76961,778.45],[7.31081,45.7688,777.7],[7.31129,45.76798,780.34],[7.3118,45.76728,784.44],[7.3119,45.76696,781.6],[7.31186,45.76676,780.18],[7.31196,45.76639,776.95],[7.31204,45.76595,776.42],[7.31209,45.76552,772.18],[7.31242,45.76499,764.37],[7.3131,45.76412,767.89],[7.31352,45.76358,768.16],[7.31404,45.76307,767.88],[7.31423,45.76274,770.86],[7.31451,45.76239,765.73],[7.31461,45.76237,763.74],[7.31488,45.76185,752.43],[7.315,45.76153,748.0],[7.315,45.76129,748.0],[7.31514,45.7606,750.58],[7.3153,45.75984,747.84],[7.31553,45.75909,740.26],[7.31576,45.75854,735.26],[7.31618,45.75781,735.75],[7.31659,45.75719,730.51],[7.31689,45.75673,721.94],[7.31698,45.75645,720.39],[7.31711,45.75627,721.03],[7.31715,45.75587,718.14],[7.31721,45.75543,714.18],[7.3172,45.75534,713.65],[7.31722,45.755,717.01],[7.31716,45.75497,717.38],[7.31725,45.75453,716.28],[7.31714,45.75429,719.87],[7.31697,45.75397,726.9],[7.31682,45.75349,732.04],[7.3168,45.75303,729.44],[7.31686,45.75249,719.93],[7.31673,45.75197,722.24],[7.31647,45.75137,725.05],[7.31621,45.75085,734.65],[7.31605,45.75062,734.65],[7.31566,45.75039,743.74],[7.31553,45.75024,747.29],[7.31551,45.74971,741.37],[7.31568,45.74958,732.91],[7.31594,45.74948,725.16],[7.31636,45.74926,717.96],[7.31666,45.74916,714.9],[7.31728,45.74884,701.83],[7.31828,45.74788,682.57],[7.31845,45.74762,676.56],[7.31847,45.74708,665.18],[7.31811,45.74679,662.74],[7.31766,45.74631,660.3],[7.31712,45.74584,652.75],[7.31667,45.74544,643.2],[7.31635,45.74509,638.42],[7.31635,45.74509,638.42],[7.31574,45.7446,632.3],[7.31511,45.74408,628.3],[7.31497,45.74386,622.61],[7.31459,45.74322,615.22],[7.31422,45.74271,606.08],[7.31403,45.74235,605.26],[7.31399,45.74173,600.13],[7.31415,45.74148,601.96],[7.31464,45.74064,603.03],[7.31592,45.73841,578.54],[7.3162,45.73836,580.63],[7.31638,45.73832,582.78],[7.31654,45.73823,583.41],[7.31676,45.73823,584.67],[7.31688,45.73807,584.3],[7.31707,45.73791,584.03],[7.31749,45.738,587.29]]]}},
{"type":"Feature","properties":{"name":"tappa-03-da-aosta-chatillon","src":"AllTrails"},"geometry":{"type":"MultiLineString","coordinates":[[[7.31761,45.73779,582.51],[7.31836,45.73796,589.94],[7.31895,45.73805,588.22],[7.31927,45.73728,592.26],[7.31957,45.73692,592.16],[7.32128,45.73744,595.35],[7.32295,45.73792,587.02],[7.32318,45.73796,588.05],[7.32339,45.73792,588.74],[7.32355,45.73801,590.81],[7.32367,45.73815,592.02],[7.32423,45.73829,594.08],[7.32582,45.73866,585.53],[7.32744,45.73909,580.88],[7.32755,45.73929,582.61],[7.32782,45.7394,584.83],[7.32799,45.73948,585.5],[7.32817,45.73954,584.83],[7.3284,45.73943,585.24],[7.32865,45.73949,582.79],[7.32909,45.73959,583.92],[7.32959,45.73968,582.88],[7.33012,45.73981,580.45],[7.33056,45.73994,583.33],[7.33101,45.74007,581.78],[7.33139,45.74023,582.31],[7.332,45.74027,585.37],[7.33232,45.7403,589.59],[7.33237,45.7404,592.44],[7.33282,45.74041,594.74],[7.33328,45.74041,591.87],[7.33327,45.74049,594.44],[7.33315,45.74053,596.61],[7.33337,45.74068,599.23],[7.33386,45.74085,601.63],[7.33449,45.74092,600.22],[7.33516,45.74088,599.62],[7.33579,45.74076,598.3],[7.33634,45.74052,595.14],[7.33668,45.74049,598.91],[7.33731,45.7407,603.73],[7.33792,45.74088,602.81],[7.33846,45.74094,597.55],[7.33865,45.74109,598.04],[7.33866,45.74148,604.92],[7.33885,45.74167,607.64],[7.33952,45.74199,607.0],[7.33979,45.74221,605.39],[7.34004,45.7424,606.68],[7.34067,45.74245,598.2],[7.34148,45.74248,596.52],[7.34209,45.74256,594.33],[7.3428,45.74276,598.16],[7.34373,45.74293,601.63],[7.34453,45.74307,600.13],[7.34528,45.74324,597.94],[7.34555,45.74343,596.21],[7.34572,45.74394,598.51],[7.34602,45.74414,598.05],[7.34645,45.74432,598.76],[7.34694,45.74459,600.14],[7.34749,45.74478,598.55],[7.34806,45.74487,596.23],[7.34855,45.74504,598.23],[7.34914,45.74521,600.78],[7.34991,45.74546,607.76],[7.35072,45.74574,596.96],[7.35117,45.74599,597.17],[7.35185,45.74611,596.97],[7.35259,45.74625,599.68],[7.35319,45.7463,595.99],[7.35364,45.74646,594.51],[7.35404,45.74663,596.4],[7.35438,45.74682,600.78],[7.35462,45.74685,600.04],[7.35508,45.74683,595.13],[7.35551,45.74693,592.29],[7.35595,45.74717,595.47],[7.35637,45.74734,601.0],[7.35662,45.74759,612.26],[7.35676,45.74774,615.71],[7.35694,45.74782,616.63],[7.35708,45.74775,615.64],[7.35731,45.74777,616.4],[7.35756,45.74789,616.15],[7.35812,45.74799,613.71],[7.35878,45.74805,612.87],[7.35935,45.74817,617.11],[7.35987,45.74829,622.59],[7.36053,45.74847,626.57],[7.36117,45.74856,624.32],[7.36165,45.74857,622.6],[7.3621,45.7487,623.26],[7.3626,45.74883,622.53],[7.36303,45.74882,624.25],[7.36335,45.74877,626.92],[7.3636,45.74862,628.91],[7.36377,45.74849,628.9],[7.36391,45.74836,629.28],[7.36408,45.74836,630.01],[7.36417,45.74856,633.26],[7.36433,45.74876,636.14],[7.36444,45.74898,639.96],[7.36465,45.74912,642.87],[7.3649,45.7492,644.84],[7.36528,45.74926,645.34],[7.36567,45.74929,646.37],[7.36598,45.74925,647.19],[7.36624,45.7492,647.65],[7.36657,45.74922,649.55],[7.36683,45.74926,650.34],[7.3671,45.74934,651.29],[7.36727,45.74941,652.53],[7.36735,45.74951,654.19],[7.36736,45.74963,655.51],[7.36735,45.74976,657.43],[7.36734,45.74996,662.21],[7.36731,45.75013,666.47],[7.36739,45.75023,668.76],[7.36756,45.75028,670.24],[7.36757,45.75042,671.79],[7.36758,45.75052,672.9],[7.36772,45.75057,674.03],[7.36782,45.75064,675.98],[7.36789,45.7508,679.61],[7.36793,45.75098,681.99],[7.36794,45.75124,685.39],[7.36798,45.75143,688.86],[7.368,45.75155,690.95],[7.36809,45.75166,692.91],[7.36819,45.75177,694.67],[7.36829,45.75195,697.94],[7.36848,45.75234,708.3],[7.36852,45.75248,713.62],[7.36867,45.75253,716.99],[7.36886,45.75245,715.73],[7.36908,45.75238,714.62],[7.36932,45.75233,714.16],[7.36958,45.75234,715.8],[7.36978,45.75239,718.25],[7.36999,45.75233,718.03],[7.37014,45.75223,716.76],[7.37029,45.75209,715.43],[7.37053,45.7519,716.79],[7.37072,45.75177,720.22],[7.37087,45.7517,723.29],[7.37088,45.75169,723.36],[7.37088,45.75183,725.46],[7.37118,45.75188,732.28],[7.37147,45.75196,735.52],[7.37173,45.75203,738.08],[7.37203,45.75206,739.03],[7.37257,45.75203,737.72],[7.37295,45.75197,738.03],[7.37324,45.75185,736.59],[7.37359,45.75166,733.51],[7.37384,45.75154,731.46],[7.37413,45.75134,728.63],[7.37432,45.75114,725.35],[7.37455,45.75095,722.16],[7.37476,45.75086,722.49],[7.37499,45.75086,725.13],[7.37518,45.75098,731.85],[7.37549,45.75118,738.67],[7.37574,45.75136,743.0],[7.37597,45.75149,740.15],[7.37618,45.75163,736.74],[7.37629,45.75176,734.42],[7.37619,45.75211,734.29],[7.37622,45.75229,735.02],[7.37629,45.7525,736.78],[7.37645,45.75261,736.41],[7.37661,45.75256,733.86],[7.37675,45.7524,731.88],[7.37702,45.75226,732.85],[7.37734,45.75214,733.96],[7.37755,45.75208,734.82],[7.3777,45.75207,735.8],[7.37783,45.752,736.09],[7.37801,45.75187,736.39],[7.37812,45.7517,735.58],[7.37817,45.75155,733.86],[7.37825,45.75143,732.3],[7.37838,45.75135,731.9],[7.37849,45.75134,732.79],[7.37866,45.75132,733.69],[7.37885,45.75131,734.16],[7.37903,45.7513,733.23],[7.3793,45.75131,730.8],[7.37957,45.75137,728.34],[7.37967,45.75147,729.02],[7.37972,45.75161,731.0],[7.37973,45.75176,732.61],[7.3798,45.75187,732.7],[7.37996,45.75198,732.29],[7.38016,45.75205,733.08],[7.38041,45.75206,732.83],[7.38063,45.75204,733.08],[7.38094,45.752,735.14],[7.38119,45.75195,734.5],[7.38138,45.75192,734.26],[7.38158,45.75191,734.53],[7.3818,45.7519,734.73],[7.382,45.75185,733.18],[7.38215,45.7518,731.47],[7.38226,45.75168,725.82],[7.38236,45.75157,722.37],[7.38273,45.75157,723.06],[7.38305,45.75156,723.38],[7.38344,45.75158,723.02],[7.38376,45.7516,724.05],[7.38398,45.75157,723.42],[7.38429,45.75157,725.03],[7.38473,45.75158,725.09],[7.38507,45.75159,725.79],[7.38537,45.75159,722.85],[7.38561,45.75163,723.28],[7.38583,45.75171,726.83],[7.38604,45.75176,730.54],[7.38646,45.75181,732.48],[7.38686,45.75185,733.66],[7.38721,45.75189,736.05],[7.38761,45.75193,741.39],[7.38801,45.75194,744.58],[7.38836,45.75198,747.18],[7.38877,45.75198,746.91],[7.38909,45.752,746.24],[7.38939,45.75197,742.68],[7.38976,45.75201,743.67],[7.39015,45.75211,748.49],[7.39047,45.75218,749.37],[7.39083,45.75224,747.93],[7.39126,45.75227,750.21],[7.3917,45.75227,752.73],[7.39207,45.75228,752.12],[7.39242,45.75233,751.14],[7.39261,45.75242,754.71],[7.39274,45.75255,760.43],[7.39292,45.75263,763.14],[7.39311,45.75269,765.37],[7.39324,45.75268,766.24],[7.3935,45.75252,762.08],[7.39369,45.75234,756.06],[7.39387,45.75219,751.73],[7.39407,45.75207,749.01],[7.39429,45.752,747.62],[7.3947,45.75194,746.74],[7.39524,45.75199,749.85],[7.39567,45.7521,755.36],[7.39587,45.75203,753.18],[7.39592,45.75192,748.26],[7.39602,45.75187,746.46],[7.39616,45.7519,748.61],[7.39617,45.752,753.44],[7.39647,45.75211,762.16],[7.39689,45.75219,766.37],[7.39784,45.75174,758.88],[7.39872,45.75118,750.53],[7.39892,45.75058,748.53],[7.39874,45.7496,729.25],[7.39934,45.74868,715.87],[7.39994,45.74799,710.35],[7.40033,45.74791,715.55],[7.40066,45.74796,722.31],[7.401,45.74785,721.75],[7.40192,45.74789,713.9],[7.4025,45.74802,713.21],[7.40322,45.74795,709.28],[7.4036,45.74782,703.01],[7.40406,45.74766,693.06],[7.40464,45.74754,686.45],[7.40471,45.74735,679.58],[7.40504,45.74736,679.9],[7.40555,45.74748,683.55],[7.40581,45.74754,687.94],[7.4063,45.74746,688.72],[7.40675,45.74751,691.95],[7.40706,45.7478,706.03],[7.40751,45.74805,713.87],[7.4077,45.74821,716.06],[7.40799,45.74826,716.88],[7.40888,45.74825,716.27],[7.40947,45.7483,708.07],[7.40968,45.74822,704.16],[7.41021,45.74781,697.73],[7.41069,45.74741,700.98],[7.41106,45.7474,701.87],[7.41138,45.74739,702.01],[7.41167,45.74724,702.46],[7.41189,45.74703,704.33],[7.41194,45.74677,702.7],[7.41209,45.74659,702.22],[7.41222,45.74649,702.08],[7.41253,45.74641,703.62],[7.41292,45.74635,704.53],[7.4133,45.74628,704.14],[7.41355,45.7462,702.74],[7.41378,45.74607,699.66],[7.41415,45.74596,699.7],[7.41458,45.74588,702.24],[7.4151,45.74581,702.44],[7.4155,45.74588,703.84],[7.41589,45.74598,703.88],[7.4163,45.74595,700.88],[7.41696,45.74583,700.04],[7.41707,45.74581,700.4],[7.4176,45.74572,700.55],[7.41804,45.74567,700.25],[7.41828,45.74559,698.09],[7.41846,45.74555,697.37],[7.41886,45.74564,700.51],[7.41916,45.74565,698.1],[7.41961,45.74554,689.74],[7.42012,45.74537,685.81],[7.42064,45.74514,683.64],[7.42104,45.74506,684.3],[7.42158,45.74505,683.62],[7.42216,45.74504,681.77],[7.42256,45.74507,681.19],[7.42288,45.74515,681.61],[7.42307,45.74511,678.77],[7.42325,45.74497,670.45],[7.4235,45.7449,666.03],[7.42374,45.74479,662.34],[7.42394,45.74465,657.86],[7.42409,45.74455,654.04],[7.42429,45.74444,650.15],[7.42445,45.74436,648.42],[7.42459,45.74428,646.37],[7.42473,45.74424,645.79],[7.4249,45.74427,649.29],[7.42502,45.74428,651.13],[7.42512,45.74425,651.07],[7.4252,45.74417,649.01],[7.42525,45.74407,646.57],[7.4253,45.74397,643.84],[7.42542,45.74388,642.31],[7.42562,45.74378,641.38],[7.42581,45.74371,640.42],[7.42609,45.74369,642.09],[7.42628,45.74371,644.06],[7.42641,45.74376,646.32],[7.4266,45.74381,647.62],[7.42674,45.74388,648.06],[7.42685,45.74394,648.0],[7.4269,45.744,648.54],[7.42696,45.74406,648.91],[7.42701,45.7441,649.09],[7.42712,45.74412,648.26],[7.42724,45.74414,647.33],[7.42733,45.74421,648.46],[7.42756,45.74419,645.47],[7.42768,45.74428,647.93],[7.42774,45.7444,651.79],[7.42793,45.74441,650.66],[7.4282,45.74433,646.88],[7.42854,45.74442,649.44],[7.4289,45.74443,649.62],[7.42928,45.74427,646.84],[7.42969,45.74417,645.93],[7.43016,45.74406,643.01],[7.4305,45.74408,643.69],[7.43087,45.74419,648.85],[7.4313,45.74425,651.5],[7.43169,45.74415,647.52],[7.43207,45.7441,646.88],[7.43231,45.74423,652.91],[7.43254,45.74434,657.06],[7.43299,45.74422,653.59],[7.43318,45.74408,649.47],[7.43327,45.74377,640.45],[7.43359,45.74355,640.88],[7.43415,45.74337,648.72],[7.43471,45.74326,649.25],[7.43511,45.74323,649.72],[7.43554,45.7431,649.8],[7.4359,45.74316,652.72],[7.43614,45.74345,660.06],[7.4363,45.74359,661.99],[7.4365,45.74355,662.46],[7.43682,45.74333,662.16],[7.437,45.74312,655.54],[7.43706,45.7429,645.84],[7.43721,45.74285,645.03],[7.43771,45.74286,649.48],[7.43804,45.74276,644.8],[7.43837,45.74283,650.25],[7.43897,45.74298,658.02],[7.43929,45.743,659.56],[7.43979,45.74292,656.22],[7.4404,45.74284,659.49],[7.44086,45.74281,662.44],[7.44124,45.74272,663.22],[7.44152,45.74264,662.25],[7.44209,45.74258,663.08],[7.44272,45.7425,664.58],[7.44302,45.74251,668.2],[7.4431,45.7424,666.28],[7.44305,45.74213,659.95],[7.44309,45.74203,658.34],[7.44354,45.74183,659.48],[7.44412,45.74169,655.91],[7.44466,45.74176,658.18],[7.445,45.74186,660.66],[7.44525,45.74209,663.12],[7.44526,45.74229,667.3],[7.4455,45.74237,666.11],[7.44574,45.74241,664.55],[7.44597,45.74242,662.01],[7.44628,45.7425,661.18],[7.44673,45.74247,658.47],[7.44723,45.74256,661.57],[7.4478,45.74268,665.37],[7.44834,45.74267,664.97],[7.44873,45.74267,664.49],[7.44906,45.74277,665.2],[7.44953,45.74284,663.69],[7.45004,45.74278,660.11],[7.45055,45.74283,658.52],[7.45118,45.74288,658.9],[7.45153,45.74292,660.68],[7.45201,45.74282,658.48],[7.45256,45.74281,661.18],[7.45319,45.74262,658.41],[7.45381,45.74246,656.88],[7.4544,45.74243,658.9],[7.45496,45.74244,654.97],[7.45528,45.74255,659.37],[7.45568,45.74272,663.69],[7.45628,45.74277,654.48],[7.45666,45.7429,656.05],[7.457,45.74323,667.93],[7.45732,45.74347,672.69],[7.45772,45.74364,671.06],[7.45824,45.74365,663.26],[7.45874,45.74375,662.11],[7.45933,45.74384,661.0],[7.45998,45.74382,646.7],[7.46009,45.74374,641.81],[7.46007,45.74363,637.74],[7.46045,45.74342,623.5],[7.4608,45.74336,615.39],[7.46086,45.74327,611.31],[7.46129,45.74335,607.49],[7.46157,45.74343,606.28],[7.4617,45.74334,601.63],[7.4617,45.74324,598.08],[7.46198,45.74321,592.55],[7.46224,45.74325,590.54],[7.46237,45.7433,591.51],[7.46267,45.74304,584.21],[7.46275,45.74286,579.41],[7.4628,45.74275,577.07],[7.46265,45.74254,577.07],[7.46269,45.74243,576.91],[7.46288,45.7423,575.75],[7.46329,45.74238,574.13],[7.46377,45.74233,571.11],[7.46425,45.74216,565.96],[7.46479,45.74222,572.16],[7.46541,45.74225,576.5],[7.46592,45.74218,576.42],[7.46647,45.74225,576.31],[7.46717,45.74231,572.08],[7.46805,45.74226,567.51],[7.46821,45.74228,569.08],[7.46834,45.7422,566.22],[7.46899,45.7423,570.98],[7.46942,45.74236,572.09],[7.46984,45.74253,575.12],[7.47041,45.74282,579.32],[7.47084,45.74296,580.86],[7.47112,45.74301,580.46],[7.47121,45.7429,576.25],[7.47146,45.74285,572.96],[7.47189,45.74288,572.54],[7.47235,45.743,572.82],[7.47273,45.74317,571.56],[7.47382,45.74358,568.12],[7.47439,45.7438,557.61],[7.47452,45.74393,554.81],[7.47451,45.74409,556.15],[7.47439,45.74431,559.95],[7.47438,45.74447,559.03],[7.4745,45.7446,553.2],[7.47481,45.74478,545.93],[7.47519,45.74492,544.26],[7.47561,45.74505,543.67],[7.47596,45.74519,543.97],[7.47615,45.7453,543.72],[7.47648,45.74512,538.8],[7.47672,45.74537,537.58],[7.47697,45.74561,535.43],[7.47725,45.74577,534.64],[7.47742,45.74593,536.91],[7.47768,45.74602,537.62],[7.47811,45.74604,535.33],[7.47856,45.74612,534.43],[7.47888,45.74625,538.0],[7.47916,45.74639,541.06],[7.47937,45.74653,542.14],[7.47953,45.7467,544.97],[7.47962,45.74686,549.43],[7.47969,45.74706,555.16],[7.47978,45.74713,556.87],[7.47993,45.74715,557.27],[7.48011,45.74705,553.18],[7.4803,45.74693,548.61],[7.48061,45.74688,547.68],[7.48096,45.74687,546.86],[7.4811,45.74697,550.24],[7.48119,45.74709,555.51],[7.48134,45.74715,557.4],[7.4815,45.74708,553.97],[7.48164,45.74697,549.11],[7.48182,45.74693,548.04],[7.48237,45.74694,550.4],[7.48267,45.74697,551.46],[7.48283,45.74703,553.32],[7.48302,45.74723,560.54],[7.48327,45.7474,563.31],[7.48346,45.74742,562.99],[7.4836,45.74733,559.29],[7.48374,45.74716,553.91],[7.48389,45.74712,553.69],[7.48418,45.74712,554.72],[7.48455,45.74707,553.31],[7.48484,45.74694,547.82],[7.48505,45.74679,542.32],[7.48527,45.74668,539.52],[7.48558,45.7466,542.06],[7.48615,45.74656,546.34],[7.48656,45.74654,548.09],[7.48691,45.74662,550.44],[7.48723,45.74681,552.5],[7.48751,45.74699,551.83],[7.48795,45.74709,548.08],[7.48813,45.74715,547.71],[7.48823,45.74732,550.23],[7.48831,45.74756,554.71],[7.48837,45.7477,558.16],[7.48847,45.74771,558.8],[7.48865,45.74754,552.64],[7.48882,45.74748,550.39],[7.48911,45.74751,551.5],[7.4893,45.74762,557.59],[7.48975,45.74778,562.95],[7.49032,45.74796,566.2],[7.4908,45.74816,572.17],[7.49111,45.74827,576.49],[7.49142,45.74834,576.91],[7.49175,45.74837,575.32],[7.49218,45.7484,576.09],[7.49244,45.74838,577.47],[7.49262,45.7483,575.13],[7.49286,45.74817,571.43],[7.49335,45.74804,569.51],[7.49382,45.74801,574.79],[7.49423,45.748,580.09],[7.49475,45.74786,582.82],[7.49501,45.74779,582.48],[7.49539,45.74774,580.26],[7.49603,45.74769,579.4],[7.49657,45.74769,582.43],[7.49708,45.7478,589.71],[7.49747,45.74783,591.9],[7.49792,45.74776,587.25],[7.49833,45.74775,589.58],[7.49875,45.74761,587.65],[7.49918,45.74746,585.08],[7.49963,45.74735,581.39],[7.50005,45.7473,580.05],[7.50034,45.74725,578.95],[7.50077,45.7471,578.36],[7.50122,45.74698,578.72],[7.50186,45.74679,572.99],[7.50226,45.74674,572.08],[7.50257,45.74676,573.95],[7.50308,45.74685,577.15],[7.50351,45.74689,576.47],[7.50401,45.74695,575.31],[7.5044,45.74697,573.99],[7.50516,45.74699,572.42],[7.50571,45.74702,568.6],[7.50647,45.74713,560.94],[7.50691,45.74721,559.8],[7.50716,45.74723,557.23],[7.50735,45.74717,553.22],[7.50758,45.74718,551.51],[7.50786,45.74729,553.63],[7.50808,45.74727,551.98],[7.50836,45.74724,549.76],[7.50868,45.74727,550.47],[7.50891,45.74738,553.6],[7.50913,45.74759,559.49],[7.50925,45.74772,562.78],[7.50947,45.74775,564.28],[7.50959,45.74768,562.52],[7.50971,45.74752,557.64],[7.50979,45.7474,553.49],[7.51011,45.74734,552.21],[7.51052,45.74734,554.56],[7.51097,45.74736,557.2],[7.5114,45.74743,559.49],[7.51178,45.74748,560.57],[7.51218,45.74751,560.54],[7.51247,45.7476,561.61],[7.51263,45.74776,565.95],[7.51274,45.74799,572.63],[7.51289,45.74814,574.55],[7.51311,45.74829,574.23],[7.51325,45.74846,577.05],[7.51338,45.74861,578.81],[7.51351,45.74867,580.56],[7.51369,45.74864,579.52],[7.51383,45.74851,578.62],[7.51398,45.7482,577.89],[7.51411,45.748,576.22],[7.51445,45.74781,572.29],[7.51473,45.74776,571.46],[7.51498,45.74773,571.7],[7.5153,45.74764,573.26],[7.5157,45.74751,574.78],[7.51619,45.7474,579.03],[7.51607,45.7472,574.64],[7.51598,45.74696,566.01],[7.516,45.74676,561.22],[7.5162,45.74675,561.2],[7.51637,45.74679,562.52],[7.5166,45.74688,563.22],[7.51679,45.7469,562.22],[7.51695,45.74694,561.9],[7.51704,45.74709,566.19],[7.51712,45.74721,569.37],[7.51725,45.74723,569.15],[7.51728,45.74718,567.58],[7.51733,45.74707,564.23],[7.51734,45.74683,557.34],[7.51739,45.74664,551.8],[7.51747,45.74648,548.64],[7.51771,45.74652,547.73],[7.51788,45.74652,547.69],[7.51805,45.7464,544.38],[7.51822,45.74632,544.24],[7.51834,45.74632,545.29],[7.51836,45.74645,548.61],[7.51833,45.74661,552.56],[7.51846,45.74661,552.67],[7.51865,45.74668,554.34],[7.51889,45.74675,556.41],[7.51923,45.74682,560.2],[7.51952,45.74687,562.93],[7.5198,45.74686,563.65],[7.52006,45.74683,562.99],[7.52006,45.74689,564.45],[7.5202,45.74689,564.05],[7.52019,45.74696,565.78],[7.52035,45.74696,565.19],[7.52035,45.74706,568.07],[7.52044,45.74709,568.61],[7.52042,45.74725,573.59],[7.52047,45.74726,573.8],[7.52083,45.7473,573.82],[7.52125,45.74735,575.26],[7.5215,45.74739,575.62],[7.52162,45.74745,576.27],[7.52189,45.74751,577.21],[7.52215,45.74754,577.4],[7.52232,45.7475,576.3],[7.5226,45.7473,576.08],[7.52297,45.74708,574.44],[7.52318,45.74728,578.5],[7.52332,45.74749,582.67],[7.52344,45.74765,585.88],[7.5236,45.74784,588.9],[7.52373,45.74798,591.54],[7.52394,45.74812,595.49],[7.52421,45.74826,599.41],[7.52454,45.74844,606.8],[7.5248,45.74858,612.06],[7.52515,45.74874,616.59],[7.52539,45.74885,619.21],[7.5256,45.74897,621.68],[7.52577,45.74902,623.06],[7.52597,45.749,626.36],[7.526,45.7489,627.54],[7.52591,45.74874,624.82],[7.52575,45.74862,622.42],[7.52548,45.74842,618.62],[7.52526,45.74826,613.94],[7.52528,45.74817,613.25],[7.52546,45.74812,613.81],[7.5258,45.74822,618.47],[7.5262,45.7483,624.92],[7.52655,45.74835,630.02],[7.52677,45.74837,633.55],[7.52695,45.74831,635.59],[7.527,45.74808,631.35],[7.52699,45.74779,623.81],[7.52718,45.74774,625.12],[7.52769,45.74772,628.19],[7.52794,45.74775,629.28],[7.52818,45.74796,639.34],[7.52842,45.74813,646.0],[7.52863,45.74818,647.47],[7.52887,45.74818,647.38],[7.52875,45.74777,632.76],[7.52863,45.74713,609.55],[7.52863,45.74708,607.57],[7.52859,45.74666,592.73],[7.5288,45.74627,580.09],[7.52913,45.74612,578.96],[7.52935,45.74601,578.08],[7.52955,45.74609,579.29],[7.52967,45.74621,580.68],[7.52974,45.74635,582.3],[7.52992,45.74621,578.54],[7.5301,45.74611,574.89],[7.53052,45.74596,566.43],[7.53126,45.74606,566.47],[7.53175,45.74612,566.9],[7.53203,45.74606,564.6],[7.53198,45.74578,557.81],[7.53208,45.74559,554.07],[7.53247,45.74561,553.24],[7.53285,45.74544,551.32],[7.5331,45.74522,548.87],[7.53331,45.74497,544.94],[7.53398,45.74475,538.07],[7.5344,45.7446,532.94],[7.53511,45.74465,534.63],[7.53574,45.74463,532.13],[7.53621,45.74458,528.53],[7.53658,45.74467,531.39],[7.53681,45.74492,532.54],[7.53699,45.74504,531.43],[7.53743,45.74515,530.48],[7.53787,45.74532,532.58],[7.53826,45.74529,530.53],[7.53847,45.74518,528.27],[7.53896,45.74516,527.77],[7.53954,45.74522,530.02],[7.53984,45.74507,527.51],[7.54026,45.74488,527.37],[7.54091,45.74479,526.68],[7.54142,45.74487,524.4],[7.54178,45.74513,529.86],[7.5421,45.74509,525.92],[7.54226,45.74487,515.72],[7.54253,45.74477,510.25],[7.5432,45.74477,510.15],[7.54371,45.74471,505.86],[7.5442,45.74474,504.76],[7.54471,45.74466,504.67],[7.54518,45.74462,504.81],[7.54575,45.74467,505.35],[7.54607,45.74463,500.41],[7.54637,45.74457,495.94],[7.54679,45.74459,496.27],[7.54723,45.74473,500.25],[7.54747,45.74475,500.11],[7.54773,45.74465,497.92],[7.54799,45.74447,496.83],[7.54807,45.74437,496.7],[7.54859,45.7444,496.22],[7.54903,45.74438,493.33],[7.54963,45.7444,489.76],[7.55013,45.74445,485.72],[7.55075,45.74447,483.26],[7.55124,45.74453,482.97],[7.55165,45.74454,481.19],[7.55222,45.74444,475.9],[7.55282,45.74433,472.53],[7.55333,45.74435,471.32],[7.55403,45.74438,470.26],[7.5546,45.74436,470.83],[7.55549,45.74436,471.84],[7.55647,45.74435,467.51],[7.55685,45.74444,466.95],[7.55716,45.74463,469.11],[7.55745,45.7448,473.64],[7.55773,45.74485,475.91],[7.55802,45.74487,477.85],[7.55843,45.74494,480.29],[7.5589,45.74512,491.31],[7.55935,45.7452,495.13],[7.5597,45.74521,493.26],[7.56018,45.74523,495.42],[7.56063,45.74516,495.1],[7.56095,45.74517,497.88],[7.56152,45.74524,501.01],[7.56192,45.74534,504.5],[7.56232,45.74552,513.21],[7.56287,45.74576,520.87],[7.56336,45.74602,527.02],[7.56358,45.74613,529.36],[7.56405,45.74629,535.5],[7.56442,45.7463,534.69],[7.56464,45.74631,533.3],[7.56503,45.74646,536.38],[7.56529,45.74651,535.27],[7.56582,45.74647,529.53],[7.5661,45.7464,527.4],[7.56656,45.74649,531.37],[7.56707,45.7464,527.48],[7.56749,45.74639,526.08],[7.56787,45.74646,525.5],[7.56827,45.74659,526.13],[7.56858,45.74684,532.71],[7.56877,45.74711,544.02],[7.569,45.74716,543.59],[7.56934,45.74726,545.89],[7.56964,45.74725,543.16],[7.57009,45.74729,545.99],[7.57037,45.74739,551.51],[7.57057,45.74729,546.94],[7.57086,45.7472,542.3],[7.57131,45.74725,541.54],[7.57173,45.74726,539.07],[7.572,45.74737,546.14],[7.57241,45.74735,542.22],[7.57276,45.74721,527.52],[7.57299,45.74704,510.93],[7.57328,45.74692,504.46],[7.57355,45.74689,503.78],[7.57399,45.74676,497.61],[7.57427,45.74668,494.58],[7.57442,45.74661,491.96],[7.57464,45.74659,489.83],[7.5751,45.7466,488.0],[7.57556,45.74667,489.19],[7.57589,45.74665,488.93],[7.57624,45.74656,488.86],[7.57673,45.74653,496.12],[7.57713,45.74656,503.7],[7.5775,45.74652,506.72],[7.57779,45.74642,505.21],[7.57804,45.7463,501.41],[7.57812,45.74645,508.43],[7.57834,45.74653,512.09],[7.57852,45.74661,515.1],[7.57886,45.74662,516.23],[7.57924,45.74671,521.79],[7.57955,45.74673,523.88],[7.57991,45.74663,518.88],[7.58011,45.74655,513.59],[7.58039,45.74654,512.06],[7.58069,45.74648,505.9],[7.58093,45.74653,509.35],[7.58127,45.74651,508.1],[7.5816,45.74648,507.93],[7.58192,45.74635,503.61],[7.58207,45.74632,503.75],[7.58228,45.74632,506.05],[7.58259,45.74631,508.24],[7.58301,45.74629,510.4],[7.58336,45.7463,512.39],[7.58375,45.74641,516.06],[7.58401,45.74649,518.75],[7.58429,45.74651,518.34],[7.58446,45.74661,522.84],[7.58472,45.74673,527.66],[7.58521,45.74695,537.74],[7.58561,45.74708,539.56],[7.58604,45.74717,542.26],[7.58643,45.74721,544.24],[7.58659,45.74731,549.51],[7.58677,45.74743,555.29],[7.58703,45.74745,555.84],[7.5873,45.74739,553.19],[7.58754,45.74724,547.93],[7.58797,45.74712,544.06],[7.58839,45.7471,542.82],[7.58889,45.74713,542.35],[7.58914,45.74729,548.8],[7.58933,45.7473,546.63],[7.58954,45.74724,540.89],[7.59011,45.74724,535.9],[7.5904,45.74722,532.02],[7.5908,45.74718,528.01],[7.59118,45.74718,525.43],[7.59167,45.74718,523.41],[7.59203,45.7472,524.58],[7.59244,45.74726,529.7],[7.59282,45.74722,526.05],[7.59325,45.74723,525.36],[7.59356,45.74707,518.89],[7.59382,45.74694,512.37],[7.59423,45.74688,514.42],[7.59471,45.74678,516.7],[7.59517,45.74676,517.51],[7.59547,45.74669,515.81],[7.59586,45.74666,515.76],[7.59645,45.74679,519.11],[7.59711,45.74695,517.34],[7.59762,45.74713,519.29],[7.59822,45.74722,518.38],[7.5991,45.74739,521.96],[7.59939,45.74742,522.14],[7.5995,45.74722,520.18],[7.60036,45.74741,522.48],[7.6019,45.74775,525.84],[7.60305,45.74798,527.46],[7.60388,45.74817,526.86],[7.60402,45.74824,527.33],[7.60444,45.74822,528.75],[7.60466,45.74833,530.76],[7.60511,45.74843,533.74],[7.60564,45.74854,537.28],[7.60745,45.74895,544.48],[7.60832,45.74918,544.04],[7.60882,45.74926,542.17],[7.60904,45.74924,540.3],[7.60928,45.7492,537.8],[7.6096,45.74916,533.76],[7.60969,45.74908,532.7],[7.60986,45.74873,530.8],[7.60997,45.74865,529.31],[7.61059,45.74864,521.0],[7.61138,45.74852,527.92],[7.61197,45.74842,529.12],[7.61216,45.74841,528.76],[7.61243,45.74844,529.09],[7.61271,45.74847,528.41],[7.61265,45.74852,530.64],[7.61259,45.7486,533.95],[7.61255,45.74867,536.72],[7.61241,45.74872,539.24],[7.61227,45.74875,540.83],[7.61235,45.7488,542.34],[7.61246,45.74887,544.46]]]}},
{"type":"Feature","properties":{"name":"tappa-04-da-chatillon-verres","src":"AllTrails"},"geometry":{"type":"MultiLineString","coordinates":[[[7.61246,45.74886,544.1],[7.61224,45.74887,545.26],[7.6119,45.74902,547.5],[7.61178,45.74925,551.96],[7.61157,45.74949,556.04],[7.61137,45.74967,557.26],[7.61123,45.74988,558.24],[7.61108,45.75003,556.9],[7.61109,45.7502,556.01],[7.61108,45.75035,554.26],[7.61091,45.75052,549.34],[7.61079,45.75072,549.84],[7.61081,45.75086,552.32],[7.61087,45.75102,556.12],[7.61087,45.75125,560.5],[7.61076,45.75132,561.1],[7.6104,45.75134,556.97],[7.61022,45.75138,554.54],[7.61022,45.75147,556.44],[7.61049,45.75157,563.73],[7.61085,45.75178,573.87],[7.61121,45.75198,580.49],[7.61127,45.75209,583.87],[7.61124,45.75221,588.12],[7.61132,45.75228,589.96],[7.61137,45.75237,592.36],[7.61128,45.75247,595.88],[7.61123,45.75256,598.01],[7.61129,45.75274,600.17],[7.61129,45.75285,601.75],[7.61122,45.75299,604.27],[7.61107,45.75299,605.35],[7.61099,45.75311,607.26],[7.61091,45.75323,608.7],[7.61077,45.75325,609.63],[7.61061,45.75331,610.64],[7.61052,45.75346,612.43],[7.6103,45.75378,618.06],[7.61013,45.75404,622.45],[7.60995,45.75425,623.02],[7.60993,45.75442,623.59],[7.61013,45.75439,626.96],[7.61025,45.75442,629.25],[7.61025,45.7545,630.62],[7.61032,45.7545,632.08],[7.61068,45.75446,636.51],[7.61122,45.75438,637.43],[7.61191,45.75426,636.84],[7.61224,45.75417,638.72],[7.61285,45.75398,639.35],[7.61349,45.75377,634.88],[7.61392,45.75366,630.44],[7.61439,45.7537,638.6],[7.61485,45.75373,644.85],[7.61543,45.75374,642.45],[7.6159,45.75377,639.24],[7.61668,45.75388,638.95],[7.61715,45.754,635.15],[7.61758,45.75414,631.86],[7.61799,45.75433,632.38],[7.61818,45.75442,632.21],[7.61824,45.75452,636.37],[7.61836,45.75463,640.37],[7.61855,45.75464,638.61],[7.61871,45.75459,634.62],[7.61891,45.75461,634.15],[7.61914,45.75467,634.83],[7.61944,45.75474,633.7],[7.61966,45.75474,632.04],[7.61984,45.75469,629.04],[7.62007,45.75459,624.58],[7.62018,45.75459,624.38],[7.62036,45.75463,625.44],[7.62055,45.75466,626.75],[7.62074,45.75465,627.21],[7.62097,45.75464,626.81],[7.6211,45.75461,625.18],[7.62122,45.75456,624.72],[7.62134,45.75448,622.94],[7.62151,45.75443,624.23],[7.62172,45.75445,629.52],[7.62205,45.75451,632.65],[7.62232,45.75459,634.15],[7.62267,45.75469,635.18],[7.62292,45.7548,635.36],[7.62309,45.7549,635.38],[7.62334,45.75508,636.36],[7.62348,45.75518,636.31],[7.6236,45.75522,635.32],[7.6239,45.75529,633.4],[7.62418,45.75532,631.42],[7.62448,45.75536,630.63],[7.62483,45.75538,630.94],[7.62501,45.75544,632.64],[7.62534,45.75552,633.56],[7.62563,45.75563,635.0],[7.62583,45.75566,634.65],[7.62607,45.75566,633.67],[7.62629,45.75561,632.78],[7.6265,45.75549,631.46],[7.62662,45.75535,629.87],[7.62674,45.75521,628.73],[7.62708,45.75511,629.07],[7.62735,45.75488,627.19],[7.62781,45.75468,628.83],[7.6283,45.7546,629.56],[7.62898,45.75459,629.72],[7.62947,45.75466,626.9],[7.62965,45.75477,627.38],[7.62996,45.75501,627.75],[7.63039,45.75518,626.03],[7.63076,45.7555,628.95],[7.6309,45.75563,631.47],[7.63133,45.75572,631.15],[7.63178,45.75573,628.43],[7.63199,45.75561,625.03],[7.63223,45.75531,622.46],[7.6323,45.75504,620.18],[7.63249,45.75479,620.73],[7.63268,45.7546,620.52],[7.63307,45.7545,624.32],[7.63355,45.75449,626.13],[7.63408,45.75467,631.36],[7.63472,45.755,637.02],[7.6351,45.75512,634.79],[7.63571,45.7554,643.99],[7.63622,45.75548,641.42],[7.63683,45.75559,637.77],[7.63733,45.7557,632.35],[7.63783,45.75589,633.1],[7.63851,45.75613,635.19],[7.63911,45.7563,633.55],[7.63972,45.75635,630.17],[7.64001,45.75645,636.13],[7.64039,45.75656,641.84],[7.64054,45.75651,640.45],[7.64053,45.75631,634.57],[7.64035,45.75608,627.25],[7.64037,45.75597,623.76],[7.64055,45.75594,623.44],[7.64107,45.75596,626.02],[7.64149,45.75602,627.68],[7.64183,45.75601,626.14],[7.64235,45.75606,625.78],[7.64277,45.75594,622.9],[7.64311,45.75566,620.02],[7.64331,45.75544,620.71],[7.64354,45.75543,622.9],[7.64385,45.75554,626.48],[7.64399,45.75566,628.12],[7.64417,45.75568,628.89],[7.64431,45.75561,628.08],[7.64429,45.7555,627.04],[7.64413,45.7554,626.26],[7.64401,45.75524,624.4],[7.64403,45.7551,622.11],[7.64432,45.75498,620.01],[7.64472,45.75488,617.97],[7.64513,45.75483,618.59],[7.64548,45.75474,617.38],[7.64568,45.75455,616.83],[7.646,45.75448,617.28],[7.64647,45.75436,618.68],[7.6467,45.75426,617.22],[7.64721,45.75422,618.73],[7.64753,45.75417,618.06],[7.64793,45.75417,617.5],[7.64844,45.75421,617.47],[7.6487,45.75419,617.2],[7.649,45.75411,615.74],[7.6495,45.754,613.96],[7.6497,45.75393,613.78],[7.6499,45.75362,613.64],[7.64999,45.75337,612.25],[7.64992,45.75309,607.97],[7.64996,45.75287,606.28],[7.6504,45.75244,609.46],[7.65126,45.75185,618.63],[7.65205,45.75133,620.16],[7.65204,45.75121,615.62],[7.65215,45.75107,613.59],[7.65235,45.75092,614.63],[7.65236,45.75077,612.63],[7.65251,45.75057,615.24],[7.65253,45.75027,615.52],[7.65252,45.74995,614.82],[7.65236,45.74966,609.79],[7.65232,45.74949,609.0],[7.65243,45.74931,611.8],[7.65277,45.74908,614.77],[7.6532,45.74887,611.78],[7.65352,45.74887,613.39],[7.65394,45.74896,617.37],[7.65428,45.74898,619.7],[7.6544,45.74894,619.13],[7.65444,45.74887,617.78],[7.65417,45.74875,614.03],[7.65388,45.7486,607.77],[7.65369,45.74842,603.32],[7.65352,45.74827,600.02],[7.65228,45.74803,584.35],[7.65264,45.74775,584.91],[7.65315,45.74736,582.16],[7.65342,45.74744,585.99],[7.65396,45.74729,593.1],[7.65416,45.74709,596.4],[7.65457,45.7466,597.78],[7.65482,45.74609,598.96],[7.65502,45.74579,601.05],[7.65535,45.74545,604.32],[7.6557,45.74487,603.53],[7.65601,45.74442,605.6],[7.65637,45.7442,603.33],[7.65695,45.74411,605.62],[7.65751,45.744,609.19],[7.65798,45.74387,612.37],[7.65864,45.74382,616.84],[7.65919,45.74382,619.95],[7.65929,45.74374,619.45],[7.65921,45.74362,616.62],[7.65924,45.74354,616.28],[7.65931,45.7434,616.03],[7.6593,45.74326,614.27],[7.65919,45.74313,611.87],[7.65909,45.74299,611.21],[7.65916,45.74282,611.0],[7.65919,45.74258,610.23],[7.65915,45.74246,608.86],[7.65888,45.74231,605.2],[7.65856,45.74217,600.12],[7.65862,45.74211,598.41],[7.65886,45.74193,594.79],[7.65893,45.74168,595.58],[7.6589,45.74143,604.53],[7.65894,45.74136,607.38],[7.659,45.74129,609.88],[7.65881,45.7412,608.94],[7.65882,45.74113,610.6],[7.65912,45.7412,613.97],[7.65948,45.74134,617.14],[7.65993,45.7414,620.06],[7.66015,45.74134,622.84],[7.66042,45.74125,625.74],[7.66081,45.74109,629.93],[7.66123,45.74102,630.04],[7.66156,45.74099,630.71],[7.66186,45.74089,635.7],[7.66226,45.74076,638.08],[7.66244,45.74055,639.45],[7.66251,45.74042,638.87],[7.66281,45.74027,634.76],[7.66306,45.74008,632.29],[7.6632,45.73987,631.05],[7.66317,45.73963,628.65],[7.66298,45.73944,625.9],[7.66297,45.73927,621.85],[7.66317,45.73893,613.45],[7.66336,45.73864,603.62],[7.66363,45.7383,588.23],[7.66372,45.73811,583.11],[7.66346,45.73807,581.88],[7.66335,45.73803,581.57],[7.66352,45.73787,578.66],[7.66366,45.73771,573.74],[7.66391,45.73756,567.55],[7.66427,45.73747,568.14],[7.66461,45.73732,566.15],[7.66495,45.7373,566.47],[7.66523,45.73738,569.47],[7.66533,45.73746,572.01],[7.66547,45.73726,566.18],[7.66563,45.73696,559.65],[7.66555,45.7367,551.9],[7.66557,45.73658,548.9],[7.66588,45.73622,540.16],[7.66618,45.73601,538.4],[7.66643,45.73582,537.56],[7.6664,45.73569,535.55],[7.66657,45.73565,536.13],[7.66706,45.73544,539.49],[7.66739,45.73522,539.42],[7.66756,45.73505,539.11],[7.66762,45.7349,540.74],[7.66781,45.73477,544.66],[7.66797,45.7346,549.72],[7.66836,45.73444,559.54],[7.66863,45.7343,566.22],[7.66871,45.73406,571.18],[7.6688,45.7338,578.36],[7.66895,45.73364,584.1],[7.66915,45.73354,589.34],[7.66923,45.73335,590.19],[7.66956,45.7332,594.3],[7.6701,45.73304,603.54],[7.6706,45.73288,611.69],[7.67074,45.73265,613.09],[7.6711,45.73235,618.1],[7.67128,45.73215,618.28],[7.6715,45.73194,617.49],[7.67201,45.73185,620.86],[7.67249,45.73191,624.1],[7.6729,45.73207,629.78],[7.67321,45.73205,633.85],[7.67344,45.73196,636.16],[7.67346,45.73166,631.66],[7.67349,45.73152,630.8],[7.67336,45.73139,626.59],[7.6733,45.73129,626.07],[7.67342,45.7312,628.81],[7.67359,45.73117,631.66],[7.67378,45.73104,634.07],[7.67411,45.73085,632.61],[7.67421,45.73056,625.79],[7.67434,45.73044,621.32],[7.67436,45.73027,615.98],[7.67419,45.72993,606.37],[7.67411,45.72968,603.14],[7.67394,45.72956,599.54],[7.6738,45.72941,595.85],[7.6736,45.7292,591.89],[7.67325,45.7289,582.59],[7.67284,45.72855,570.96],[7.6726,45.72852,570.55],[7.6725,45.72835,570.06],[7.67236,45.72775,570.62],[7.67236,45.72733,566.1],[7.67218,45.72695,564.16],[7.67202,45.72659,559.2],[7.67171,45.72611,547.14],[7.67131,45.7255,537.43],[7.67128,45.72504,528.53],[7.67122,45.72451,534.11],[7.67155,45.72327,530.02],[7.67164,45.72274,518.91],[7.67185,45.72235,512.3],[7.67221,45.72177,504.64],[7.67227,45.72122,494.1],[7.67229,45.72094,486.39],[7.67249,45.72077,485.67],[7.67251,45.72064,483.92],[7.67216,45.72031,475.99],[7.67174,45.71987,469.32],[7.67149,45.71974,461.13],[7.67137,45.71937,456.04],[7.67131,45.71905,445.85],[7.67153,45.71875,447.64],[7.67161,45.71844,443.34],[7.67194,45.7181,447.84],[7.67232,45.71765,447.87],[7.67254,45.71723,444.8],[7.67271,45.71704,441.8],[7.67299,45.71697,447.81],[7.67321,45.7166,438.12],[7.67339,45.71642,438.79],[7.67348,45.71622,435.22],[7.67369,45.71612,438.61],[7.67403,45.71607,446.07],[7.67458,45.71569,448.87],[7.67495,45.71527,446.01],[7.67537,45.71461,449.02],[7.67544,45.71425,449.23],[7.67542,45.71397,444.53],[7.67541,45.71368,437.41],[7.67542,45.71335,431.9],[7.67564,45.71318,436.92],[7.67621,45.71276,442.88],[7.67663,45.71222,442.02],[7.67685,45.71202,441.66],[7.67691,45.71143,432.79],[7.67686,45.71116,436.03],[7.67654,45.71071,427.58],[7.67644,45.71047,430.26],[7.67626,45.71018,432.16],[7.67617,45.7099,434.8],[7.67604,45.70966,435.54],[7.67582,45.70943,429.62],[7.67581,45.70916,428.46],[7.67601,45.70883,422.71],[7.67632,45.70867,420.0],[7.67694,45.70849,424.11],[7.6774,45.70817,421.18],[7.67785,45.70784,421.62],[7.67782,45.70772,418.63],[7.67771,45.70763,414.34],[7.6778,45.70747,413.08],[7.67792,45.70714,411.74],[7.67792,45.70689,408.86],[7.67775,45.70674,406.28],[7.67754,45.7066,403.85],[7.67735,45.70652,401.08],[7.67716,45.70649,397.96],[7.67691,45.7064,393.66],[7.67659,45.70624,392.08],[7.67641,45.70608,393.44],[7.67628,45.70601,393.31],[7.67584,45.70591,390.51],[7.67556,45.70587,388.64],[7.67548,45.70574,388.67],[7.67545,45.70549,390.43],[7.67549,45.70525,396.06],[7.67547,45.70484,400.77],[7.67552,45.70455,403.14],[7.67573,45.7044,408.33],[7.6757,45.70413,412.42],[7.6753,45.70389,418.2],[7.67497,45.70362,416.98],[7.67479,45.70344,415.95],[7.67481,45.70312,423.24],[7.67495,45.70257,433.38],[7.67491,45.70225,435.08],[7.67473,45.70195,438.09],[7.6745,45.70175,436.44],[7.6743,45.70161,432.81],[7.67432,45.7014,441.12],[7.67447,45.70104,454.53],[7.67449,45.70074,463.17],[7.67441,45.70049,468.59],[7.67443,45.70033,471.84],[7.67463,45.70014,481.32],[7.67459,45.70003,482.16],[7.67449,45.69985,480.6],[7.67434,45.69965,478.37],[7.67423,45.69948,479.55],[7.67416,45.69936,480.46],[7.67414,45.69929,481.91],[7.67421,45.69924,486.38],[7.67432,45.69924,490.84],[7.67441,45.69939,490.1],[7.67448,45.69951,489.11],[7.67459,45.69954,492.68],[7.67466,45.69951,496.54],[7.67464,45.69941,498.39],[7.67454,45.69928,497.71],[7.67439,45.69912,496.31],[7.6742,45.69899,491.83],[7.67412,45.69889,491.3],[7.67409,45.69876,489.02],[7.67417,45.69863,489.33],[7.67432,45.69855,490.1],[7.67449,45.69852,492.14],[7.67466,45.69851,494.69],[7.67484,45.69851,497.46],[7.67506,45.69849,500.56],[7.67532,45.69837,503.68],[7.67564,45.69816,503.94],[7.67581,45.69804,503.77],[7.67597,45.69788,502.93],[7.67616,45.69769,506.04],[7.67624,45.69756,509.28],[7.67624,45.69742,511.88],[7.67624,45.69734,514.05],[7.67634,45.69728,518.28],[7.67638,45.69721,521.17],[7.67636,45.69709,524.56],[7.67641,45.69703,527.71],[7.67658,45.69703,531.57],[7.67679,45.69707,535.25],[7.67708,45.69707,541.72],[7.67733,45.69702,547.12],[7.6775,45.69699,549.67],[7.67761,45.69692,551.15],[7.67772,45.69684,552.08],[7.67784,45.69673,552.66],[7.67785,45.69665,552.0],[7.67783,45.69652,549.98],[7.67786,45.69647,549.25],[7.67782,45.69643,548.61],[7.67801,45.69635,547.32],[7.67806,45.69629,546.23],[7.67807,45.69624,545.35],[7.67806,45.6962,544.61],[7.67811,45.69616,544.04],[7.67808,45.6961,543.01],[7.67821,45.69603,542.97],[7.67835,45.69593,542.74],[7.67852,45.69585,542.2],[7.67828,45.69558,539.81],[7.67812,45.69538,537.2],[7.6779,45.69525,534.88],[7.67766,45.69512,533.34],[7.67738,45.69492,530.79],[7.67717,45.69481,530.49],[7.67683,45.69461,530.03],[7.67668,45.69452,529.07],[7.67664,45.69444,527.86],[7.67665,45.69424,525.73],[7.67661,45.69413,524.51],[7.6765,45.694,522.84],[7.67641,45.69388,521.12],[7.67638,45.69375,520.44],[7.6764,45.69348,518.19],[7.67639,45.69329,515.7],[7.6763,45.69309,513.53],[7.67616,45.69292,512.84],[7.67609,45.69279,512.95],[7.67597,45.69259,512.65],[7.67579,45.69236,508.36],[7.67566,45.69215,502.74],[7.67561,45.69202,499.93],[7.67559,45.6918,498.04],[7.67547,45.69149,489.74],[7.67536,45.69121,474.12],[7.67525,45.69084,458.56],[7.67519,45.69058,458.93],[7.67512,45.69047,460.01],[7.675,45.69037,459.68],[7.67475,45.69024,456.02],[7.67447,45.69009,454.64],[7.6742,45.68995,453.32],[7.67403,45.68989,453.19],[7.67384,45.68984,452.15],[7.67376,45.68986,450.21],[7.67364,45.68976,450.57],[7.67352,45.68959,449.18],[7.67341,45.68945,446.91],[7.67324,45.68936,441.33],[7.67316,45.68927,438.28],[7.67308,45.6891,433.1],[7.673,45.68895,425.91],[7.67292,45.68887,421.93],[7.67268,45.68879,417.11],[7.67267,45.68879,416.95],[7.67275,45.68866,417.69],[7.67281,45.68855,416.95],[7.67293,45.68843,415.99],[7.67304,45.68831,414.7],[7.67316,45.68824,413.85],[7.67331,45.68819,414.89],[7.67353,45.68812,419.3],[7.67363,45.68804,420.59],[7.67366,45.68796,421.37],[7.67361,45.68787,418.63],[7.67347,45.68772,414.26],[7.67335,45.68757,411.87],[7.67327,45.68746,410.37],[7.67322,45.68735,410.18],[7.67319,45.68717,411.48],[7.6732,45.68689,415.17],[7.67327,45.68663,420.01],[7.67348,45.68641,429.13],[7.67382,45.68605,437.82],[7.67411,45.68579,446.74],[7.67433,45.68562,455.01],[7.67453,45.68531,461.5],[7.6747,45.68514,465.82],[7.67483,45.68508,468.73],[7.6749,45.685,469.84],[7.67501,45.68479,467.73],[7.67519,45.68462,468.66],[7.67529,45.68452,469.48],[7.67536,45.68431,467.08],[7.67553,45.68408,467.54],[7.67568,45.68381,465.69],[7.67573,45.68372,465.9],[7.67576,45.6836,463.65],[7.67572,45.68355,459.63],[7.67592,45.68332,463.71],[7.67609,45.68313,468.09],[7.67632,45.68287,470.51],[7.67641,45.68258,468.8],[7.67648,45.68231,474.74],[7.67645,45.68201,479.06],[7.67643,45.68175,479.67],[7.67638,45.68154,476.23],[7.67646,45.68138,478.57],[7.67654,45.68116,481.72],[7.67664,45.68095,485.21],[7.67686,45.68082,493.48],[7.67714,45.68066,501.45],[7.67749,45.68045,512.89],[7.6776,45.68036,515.22],[7.67771,45.68019,515.4],[7.67795,45.68001,516.38],[7.67815,45.67987,518.84],[7.67833,45.67978,521.18],[7.67847,45.67961,519.04],[7.67873,45.67953,520.06],[7.67903,45.6795,523.43],[7.67926,45.67941,522.78],[7.67942,45.67944,527.28],[7.67961,45.67948,529.95],[7.67977,45.67956,533.13],[7.67989,45.6796,533.69],[7.68011,45.67958,529.87],[7.68028,45.6795,522.78],[7.6804,45.67942,517.45],[7.68069,45.67936,512.33],[7.68095,45.67926,507.6],[7.68112,45.67915,502.63],[7.68139,45.67907,498.71],[7.68159,45.67907,502.82],[7.68185,45.67908,508.12],[7.682,45.67905,508.43],[7.68207,45.67897,504.51],[7.68202,45.67891,500.34],[7.68209,45.67887,498.61],[7.68218,45.67884,497.76],[7.68217,45.67872,488.63],[7.6822,45.67861,481.3],[7.68229,45.67851,477.69],[7.6824,45.67847,477.59],[7.68262,45.67839,476.78],[7.68274,45.67832,474.19],[7.68279,45.67819,469.67],[7.68275,45.67795,459.65],[7.68279,45.67768,450.79],[7.68282,45.6774,441.27],[7.68282,45.67723,434.29],[7.68291,45.67698,430.01],[7.68298,45.67677,424.71],[7.68295,45.67671,421.84],[7.68286,45.67673,420.19],[7.68267,45.67693,420.28],[7.68253,45.67705,417.85],[7.68224,45.6772,410.29],[7.682,45.67736,406.07],[7.68191,45.67748,406.32],[7.68184,45.6775,404.62],[7.68178,45.67746,401.61],[7.68183,45.67734,399.92],[7.68191,45.67713,397.97],[7.68189,45.67704,396.34],[7.68178,45.67709,393.55],[7.68169,45.67723,392.87],[7.68157,45.67733,392.98],[7.68139,45.67737,390.74],[7.68124,45.67739,388.55],[7.68105,45.67752,388.55],[7.6809,45.67768,391.03],[7.68074,45.67776,391.06],[7.68059,45.67777,389.22],[7.68029,45.67758,380.24],[7.68007,45.67745,376.64],[7.67983,45.6774,375.23],[7.67957,45.67738,374.27],[7.67942,45.6773,373.12],[7.67924,45.6771,372.56],[7.67898,45.67685,371.88],[7.67885,45.67673,371.56],[7.67948,45.67635,369.88],[7.67966,45.67622,369.86],[7.67991,45.67602,369.79],[7.67992,45.67602,369.81],[7.6804,45.67567,369.68],[7.68083,45.6753,367.15],[7.68103,45.67511,367.06],[7.68117,45.67498,366.45],[7.68132,45.67481,366.64],[7.6815,45.6746,366.14],[7.68161,45.67446,365.75],[7.68172,45.6743,368.04],[7.68196,45.67393,369.75],[7.68209,45.6737,372.08],[7.68221,45.67351,372.52],[7.6823,45.67336,372.56],[7.68239,45.67322,370.65],[7.6825,45.67304,368.83],[7.6826,45.67289,367.36],[7.6827,45.67274,366.16],[7.68283,45.67258,367.77],[7.68293,45.67244,368.65],[7.68306,45.67232,369.07],[7.68318,45.67218,370.66],[7.68347,45.6719,371.0],[7.68363,45.67177,371.8],[7.68389,45.67161,373.21],[7.6842,45.67143,377.08],[7.68431,45.67134,378.55],[7.68458,45.67118,381.95],[7.6849,45.67103,385.04],[7.68503,45.67095,385.54],[7.68519,45.67087,386.36],[7.68541,45.67072,386.25],[7.68564,45.67058,384.41],[7.68591,45.67038,379.73],[7.68616,45.67021,378.35],[7.68635,45.67006,379.72],[7.68669,45.66982,382.82],[7.68695,45.66961,384.2],[7.68705,45.66955,383.9],[7.68713,45.66947,383.25],[7.68726,45.6694,382.98],[7.68738,45.66932,382.75],[7.68759,45.66928,382.73],[7.68774,45.66924,383.13],[7.68807,45.66918,384.15],[7.6885,45.66911,386.08],[7.68881,45.66905,387.3],[7.68877,45.66894,386.76],[7.68915,45.66888,390.73],[7.68937,45.66886,393.6],[7.68979,45.66879,395.71],[7.69009,45.66875,396.99],[7.69022,45.66874,397.48],[7.69053,45.66871,398.63],[7.69074,45.6687,400.38],[7.69096,45.66871,401.72],[7.69121,45.66871,401.38],[7.69144,45.66871,400.02],[7.69165,45.66871,399.53],[7.69172,45.66869,398.85],[7.69181,45.66866,397.81],[7.69201,45.66852,395.26],[7.69208,45.66847,394.71],[7.69225,45.66836,393.14],[7.69238,45.66829,395.7],[7.69255,45.6682,399.83],[7.69269,45.66807,403.77],[7.69275,45.66799,404.38],[7.69291,45.66774,402.82],[7.69302,45.66746,399.58],[7.69304,45.66719,398.37],[7.69304,45.6669,394.72],[7.69291,45.66682,393.27],[7.69242,45.6667,389.83],[7.69246,45.66643,389.25],[7.69249,45.66611,388.04],[7.69232,45.666,388.93],[7.69219,45.66582,388.93],[7.69209,45.66563,388.91],[7.69188,45.6654,387.54],[7.69182,45.66541,387.1],[7.69175,45.66536,386.6],[7.69181,45.66526,387.13],[7.69189,45.66522,387.98],[7.69172,45.66498,387.43],[7.69168,45.66472,385.14],[7.69165,45.66432,385.45],[7.69162,45.66391,384.92],[7.69161,45.66367,382.27],[7.69164,45.66332,380.72],[7.69165,45.66318,379.81],[7.69156,45.66298,378.78],[7.69151,45.66288,378.71],[7.69143,45.66274,378.53],[7.69142,45.66264,379.1],[7.69145,45.66259,379.49],[7.69136,45.66251,379.82],[7.69127,45.66247,379.62],[7.69113,45.66221,379.95],[7.69102,45.66197,379.09],[7.69095,45.66168,375.19],[7.69088,45.66135,371.86],[7.69075,45.66085,370.34],[7.69071,45.66052,371.64],[7.69071,45.66044,372.09],[7.69076,45.66036,372.49],[7.69079,45.6603,372.85],[7.69067,45.66019,373.19],[7.69046,45.66009,373.44],[7.69025,45.65999,372.63]]]}},
{"type":"Feature","properties":{"name":"tappa-05-da-verres-pont-st-martin","src":"AllTrails"},"geometry":{"type":"MultiLineString","coordinates":[[[7.69013,45.66009,371.58],[7.69042,45.65984,372.95],[7.69063,45.65978,374.16],[7.69105,45.65978,373.97],[7.69139,45.65952,370.53],[7.69177,45.65908,365.88],[7.69224,45.65841,364.52],[7.69256,45.6581,362.29],[7.69286,45.65784,359.61],[7.69253,45.65761,358.4],[7.69204,45.65713,358.33],[7.69198,45.65701,358.76],[7.69222,45.65682,359.0],[7.69294,45.65639,356.0],[7.69341,45.65592,354.59],[7.69377,45.65543,355.79],[7.69405,45.65489,353.2],[7.69451,45.65374,354.7],[7.69453,45.65345,353.95],[7.69447,45.65311,352.45],[7.69456,45.65265,353.49],[7.69475,45.65225,355.51],[7.69547,45.6511,355.71],[7.69634,45.6497,358.16],[7.69673,45.64953,357.77],[7.69816,45.64929,354.11],[7.69889,45.64919,351.08],[7.69953,45.64925,349.99],[7.6999,45.64927,349.77],[7.70047,45.64907,352.74],[7.70081,45.64906,352.8],[7.70111,45.64907,352.35],[7.70143,45.64903,352.84],[7.70157,45.64915,351.47],[7.70188,45.64948,350.13],[7.70266,45.65006,351.78],[7.70301,45.65028,351.82],[7.70332,45.65022,352.96],[7.70384,45.64986,352.91],[7.70419,45.64972,355.06],[7.70447,45.64971,355.82],[7.70469,45.64982,355.65],[7.70587,45.65077,356.13],[7.70651,45.65124,354.17],[7.70697,45.65136,352.09],[7.70832,45.65161,353.2],[7.70841,45.65175,353.22],[7.70867,45.65202,353.21],[7.70881,45.65201,353.72],[7.70937,45.65173,352.66],[7.70977,45.65216,356.5],[7.71023,45.65268,357.96],[7.71048,45.65292,361.26],[7.71056,45.65299,362.33],[7.71077,45.65286,362.12],[7.71109,45.65273,362.35],[7.71158,45.65258,363.62],[7.71183,45.65263,364.63],[7.71212,45.65259,364.12],[7.71228,45.65251,363.81],[7.71239,45.65232,360.29],[7.71225,45.65208,357.59],[7.71225,45.65195,357.12],[7.71285,45.6516,356.08],[7.71314,45.6518,355.44],[7.71348,45.652,356.47],[7.71371,45.6521,358.47],[7.71403,45.652,359.62],[7.71434,45.65196,361.42],[7.71477,45.65191,361.99],[7.71508,45.65172,365.43],[7.71537,45.65153,369.37],[7.71561,45.65137,369.78],[7.71576,45.65105,371.78],[7.71591,45.65075,371.71],[7.71595,45.65061,370.38],[7.71643,45.65019,371.74],[7.71642,45.64972,369.87],[7.71625,45.64937,367.29],[7.71661,45.64932,366.56],[7.71709,45.64927,364.85],[7.71754,45.64913,363.59],[7.71784,45.649,362.74],[7.71805,45.64847,358.01],[7.71825,45.64791,363.67],[7.71862,45.64737,356.15],[7.71902,45.64691,353.7],[7.7193,45.64643,356.59],[7.7197,45.64614,362.74],[7.71989,45.64597,363.8],[7.71945,45.64573,357.44],[7.71935,45.64555,357.98],[7.71939,45.64532,357.5],[7.71933,45.64514,356.59],[7.71925,45.64494,356.48],[7.71977,45.64474,357.57],[7.72027,45.64463,360.31],[7.72079,45.64459,362.7],[7.72111,45.64423,363.45],[7.72143,45.644,366.48],[7.72169,45.64381,370.37],[7.72185,45.6435,371.45],[7.72184,45.64332,370.64],[7.72174,45.64302,371.07],[7.7217,45.64292,371.12],[7.72193,45.6428,372.74],[7.72216,45.64266,373.26],[7.72227,45.64258,373.58],[7.72235,45.64233,374.81],[7.72235,45.64215,374.6],[7.72235,45.64196,372.55],[7.72251,45.64179,374.1],[7.72274,45.64161,375.7],[7.72301,45.64156,378.7],[7.72331,45.64154,382.75],[7.72366,45.64158,386.73],[7.72393,45.64163,388.92],[7.7242,45.6413,389.68],[7.72453,45.64095,392.07],[7.72476,45.64066,393.21],[7.72455,45.64039,390.51],[7.72444,45.64015,390.88],[7.72453,45.63977,391.79],[7.72464,45.63946,387.97],[7.72467,45.63916,385.88],[7.72469,45.63869,390.03],[7.72426,45.63861,385.67],[7.72398,45.63853,386.44],[7.72391,45.63819,386.96],[7.72378,45.63807,387.41],[7.72353,45.63801,387.33],[7.72325,45.63794,385.15],[7.72299,45.63796,383.34],[7.72286,45.63794,381.93],[7.72258,45.63763,377.89],[7.72231,45.63728,371.13],[7.72218,45.63709,368.31],[7.72188,45.63694,363.5],[7.72138,45.63688,361.52],[7.72102,45.63685,363.56],[7.72053,45.6367,363.55],[7.71973,45.63631,353.91],[7.71916,45.63608,356.59],[7.71879,45.63594,352.28],[7.71818,45.63575,352.96],[7.71804,45.6357,354.62],[7.71788,45.6357,356.07],[7.71768,45.63568,356.96],[7.71717,45.63547,357.62],[7.71703,45.63534,359.61],[7.71709,45.63522,360.56],[7.71731,45.63487,365.7],[7.71751,45.63456,375.12],[7.71777,45.63434,381.13],[7.71795,45.6343,378.09],[7.71832,45.63428,371.66],[7.7188,45.63418,371.74],[7.71924,45.63395,383.58],[7.71997,45.63374,400.09],[7.72101,45.63344,372.99],[7.7215,45.63334,359.59],[7.72185,45.63327,356.95],[7.72221,45.63307,362.56],[7.72261,45.63282,365.67],[7.72315,45.63262,359.62],[7.72347,45.63241,353.25],[7.72382,45.63209,352.98],[7.72424,45.63192,353.32],[7.72491,45.63165,352.33],[7.72543,45.63136,351.61],[7.72597,45.63094,350.01],[7.72644,45.6307,348.4],[7.72718,45.63051,346.53],[7.72766,45.6304,345.22],[7.72777,45.63037,345.62],[7.72778,45.63028,345.04],[7.72767,45.63019,344.22],[7.72768,45.63007,344.3],[7.72821,45.62936,346.67],[7.72882,45.6285,343.85],[7.72972,45.62727,347.84],[7.73054,45.62609,350.04],[7.73102,45.6253,346.75],[7.73156,45.62449,348.16],[7.7322,45.62356,345.18],[7.73296,45.6223,345.03],[7.73372,45.62119,345.83],[7.73513,45.619,342.66],[7.73535,45.61864,343.03],[7.73552,45.61804,341.11],[7.7356,45.61757,344.54],[7.73556,45.61653,354.47],[7.73558,45.61626,359.31],[7.73579,45.61575,373.38],[7.73615,45.61531,378.84],[7.73664,45.61486,366.92],[7.73751,45.614,358.6],[7.73758,45.61377,358.14],[7.73765,45.61354,357.14],[7.73784,45.61329,357.97],[7.73794,45.61306,357.43],[7.73801,45.6126,359.86],[7.73813,45.6123,360.26],[7.73802,45.61203,361.85],[7.73798,45.61166,356.66],[7.73801,45.61156,355.75],[7.73847,45.61146,355.88],[7.73899,45.61146,357.15],[7.73959,45.61144,356.12],[7.73999,45.61156,354.92],[7.74025,45.61148,350.99],[7.74112,45.61152,347.46],[7.74191,45.61152,346.54],[7.74273,45.61161,346.86],[7.74342,45.61168,349.3],[7.74467,45.61189,356.9],[7.74494,45.61172,360.62],[7.74514,45.61144,360.23],[7.74521,45.61109,362.43],[7.74526,45.61088,365.16],[7.74516,45.61068,362.76],[7.74499,45.61042,361.23],[7.74499,45.61026,363.31],[7.74531,45.60979,378.01],[7.74578,45.6092,393.77],[7.74608,45.60877,401.56],[7.74623,45.60841,409.84],[7.74635,45.60806,421.9],[7.74656,45.6078,420.46],[7.74683,45.60747,408.56],[7.74706,45.60723,400.3],[7.74745,45.60695,391.75],[7.74817,45.60633,379.4],[7.74883,45.60565,369.79],[7.74888,45.60535,357.84],[7.7489,45.60488,339.84],[7.74896,45.60447,334.3],[7.74913,45.6043,332.98],[7.74968,45.60412,328.92],[7.7506,45.60389,328.85],[7.75115,45.60377,328.51],[7.75169,45.60374,327.86],[7.75219,45.6036,326.12],[7.75266,45.60349,326.83],[7.75299,45.60347,328.12],[7.75328,45.60353,332.46],[7.75364,45.60371,346.76],[7.75386,45.6036,347.88],[7.75426,45.60322,339.97],[7.7547,45.60319,343.44],[7.75515,45.6032,346.18],[7.75538,45.6032,347.86],[7.75574,45.60322,350.69],[7.75597,45.60309,346.35],[7.75632,45.60301,345.03],[7.75707,45.60285,345.2],[7.75773,45.60274,344.06],[7.75887,45.60257,356.85],[7.75938,45.60252,355.09],[7.75971,45.60245,347.98],[7.76015,45.60239,345.49],[7.76053,45.60231,338.31],[7.76102,45.60226,329.98],[7.76188,45.60224,321.57],[7.76224,45.60231,322.48],[7.76257,45.60244,329.72],[7.76311,45.60264,328.73],[7.7637,45.60279,330.22],[7.76415,45.60299,333.47],[7.76472,45.60315,331.09],[7.76518,45.6033,328.92],[7.7656,45.60342,324.64],[7.76614,45.60345,328.14],[7.76741,45.60334,325.47],[7.7687,45.60325,322.05],[7.76996,45.60317,323.44],[7.77113,45.60308,322.92],[7.77259,45.60297,319.0],[7.77386,45.60287,322.22],[7.77472,45.60282,322.0],[7.77617,45.6027,314.88],[7.77765,45.60257,316.29],[7.78043,45.60235,314.29],[7.7824,45.60217,315.07],[7.78545,45.6019,319.16],[7.78721,45.60175,318.96],[7.78817,45.60168,322.83],[7.78879,45.60165,326.88],[7.79045,45.6015,330.39],[7.79118,45.60143,334.46],[7.79187,45.60142,339.23],[7.79295,45.60143,335.03],[7.79396,45.60142,333.65],[7.79462,45.60135,336.07],[7.79512,45.60121,337.06],[7.7955,45.60107,341.41],[7.79599,45.60075,345.79],[7.79625,45.60057,345.13],[7.797,45.60019,349.22],[7.79748,45.6,351.86],[7.79819,45.59978,357.1],[7.79821,45.59977,357.09],[7.79833,45.59974,357.42],[7.79852,45.59968,357.85],[7.79895,45.59954,356.92],[7.79915,45.5994,354.79],[7.79927,45.59928,352.01],[7.79944,45.59909,347.61]]]}},
{"type":"Feature","properties":{"name":"OSM way -697","desc":"23.23 km"},"geometry":{"type":"MultiLineString","coordinates":[[[7.79948,45.59908,339.079],[7.80017,45.59821,344.896],[7.8004,45.59793,343.084],[7.80045,45.59767,342.194],[7.80037,45.59741,343.925],[7.80012,45.59722,341.645],[7.79996,45.59698,341.735],[7.79983,45.59683,343.928],[7.79957,45.5967,341.876],[7.79934,45.59653,341.977],[7.79923,45.59632,342.81],[7.79916,45.59612,337.038],[7.79933,45.59598,338.921],[7.79949,45.59583,336.09],[7.79953,45.59561,334.849],[7.79962,45.59539,334.998],[7.79955,45.59516,332.143],[7.79951,45.59503,331.284],[7.7995,45.59479,335.536],[7.79936,45.59465,334.571],[7.79922,45.5945,334.384],[7.79915,45.5943,331.616],[7.79902,45.59409,326.986],[7.79894,45.59397,325.114],[7.79934,45.59374,324.174],[7.80004,45.5934,322.131],[7.80039,45.59327,322.155],[7.80053,45.59317,321.962],[7.8006,45.59298,321.528],[7.80069,45.59278,321.487],[7.80066,45.59254,319.306],[7.80071,45.59233,318.66],[7.80074,45.59205,318.128],[7.80074,45.59172,317.192],[7.8008,45.59134,316.725],[7.80085,45.59109,315.924],[7.80086,45.59099,315.564],[7.80079,45.59073,314.628],[7.80048,45.59009,312.596],[7.80067,45.58965,311.74],[7.80122,45.58986,311.496],[7.80185,45.59005,312.18],[7.80246,45.59013,314.526],[7.80261,45.59008,317.098],[7.80266,45.58993,316.456],[7.80264,45.58981,316.024],[7.80248,45.5897,313.561],[7.8022,45.58954,313.729],[7.80206,45.58938,313.969],[7.80202,45.58919,315.606],[7.80203,45.58897,315.448],[7.80206,45.58866,316.189],[7.80218,45.58861,317.506],[7.80228,45.58857,317.775],[7.80233,45.58834,312.831],[7.8024,45.58809,313.437],[7.80237,45.58798,310.699],[7.80251,45.58793,312.014],[7.80268,45.58794,313.879],[7.80286,45.58797,316.767],[7.80302,45.58795,316.503],[7.80323,45.58787,318.725],[7.80338,45.58777,322.226],[7.80353,45.58768,326.352],[7.80375,45.58758,335.16],[7.80383,45.58767,341.987],[7.80397,45.58756,346.705],[7.80411,45.5875,350.368],[7.80422,45.58751,353.366],[7.80438,45.58746,356.579],[7.80459,45.58738,360.089],[7.80474,45.58731,364.179],[7.80496,45.58719,370.759],[7.80508,45.58717,373.153],[7.80516,45.58709,373.169],[7.80535,45.58709,376.616],[7.80547,45.58705,376.904],[7.80569,45.58708,372.016],[7.80591,45.58711,367.328],[7.8061,45.58717,371.708],[7.80621072884,45.587259933810003,377.641],[7.80629,45.58739,377.356],[7.80647,45.58744,374.176],[7.80663,45.58746,369.667],[7.80691,45.58743,359.936],[7.80706,45.58742,358.664],[7.80719,45.58738,357.198],[7.80731,45.58731,355.424],[7.80741,45.58732,356.9],[7.80763,45.58725,356.457],[7.80782,45.58715,355.94],[7.80804,45.58697,355.364],[7.80825,45.58683,356.399],[7.80853,45.58668,357.12],[7.8087,45.58658,358.244],[7.80895,45.58643,359.195],[7.8092,45.58636,360.248],[7.80948,45.58625,358.372],[7.80966,45.58615,350.573],[7.80974,45.58608,345.902],[7.8098,45.58601,345.203],[7.81,45.58599,343.512],[7.81029,45.5859,340.012],[7.81075,45.58583,342.021],[7.81108,45.58575,342.354],[7.81137,45.58564,343.599],[7.81151,45.58553,343.02],[7.81159,45.58538,342.559],[7.81158,45.5852,341.615],[7.81147,45.58499,340.815],[7.81142,45.58484,339.249],[7.81143,45.58467,338.376],[7.81144,45.58454,337.959],[7.81143,45.58443,337.296],[7.81144,45.58431,336.189],[7.81154,45.58413,336.116],[7.8116,45.58407,336.956],[7.81181,45.58416,340.064],[7.81201,45.58429,343.963],[7.8123,45.58437,348.852],[7.81249,45.58406,350.472],[7.81258,45.58385,351.052],[7.81259,45.58357,350.424],[7.81265,45.5834,350.53],[7.81276,45.58318,350.605],[7.81275,45.58305,349.482],[7.81267,45.58284,347.585],[7.81253,45.58259,345.432],[7.81233,45.58242,342.088],[7.81207,45.58231,338.19],[7.81183,45.58222,334.923],[7.81161,45.58208,330.876],[7.81118,45.58199,325.908],[7.81062,45.5819,318.376],[7.81068,45.58158,316.86],[7.81069708988,45.581208374349998,314.407],[7.81069608405,45.58120963164,314.406],[7.81076691113,45.581185827029998,315.025],[7.81078124419,45.581181468440001,315.15],[7.81082818285,45.581157328560003,315.44],[7.81084259972,45.581147605550001,315.523],[7.81088316813,45.581119861449999,315.806],[7.81094309874,45.581028582530003,316.346],[7.81098919921,45.58090738021,316.421],[7.81099657528,45.580893466249996,316.43],[7.81101048924,45.580878630279997,316.484],[7.81109254807,45.580814257260002,316.798],[7.81115063466,45.580749716610001,317.169],[7.81115977094,45.580732617530003,317.226],[7.81122456305,45.580604290590003,317.737],[7.81127552502,45.580427348610002,317.086],[7.81129958108,45.580371357499999,316.701],[7.81147945672,45.580225596200002,316.353],[7.81161767431,45.580106657,316.115],[7.81179042533,45.579968774690002,315.949],[7.81182445586,45.579943293710002,315.976],[7.81196669675,45.579786803570002,315.09],[7.81198019162,45.579773811620001,315.0],[7.8120633401,45.579711534079998,314.702],[7.81218722463,45.57961329818,314.18],[7.81238520518,45.57954632677,314.054],[7.81258930452,45.579423950989998,313.817],[7.81274504028,45.579278273509999,314.45],[7.81282634474,45.579160507769998,315.523],[7.81284461729,45.579111222180003,316.938],[7.81289423816,45.579012483360003,319.378],[7.81291988678,45.578944757579997,320.415],[7.81292499974,45.578878205270001,321.498],[7.81299859285,45.578848784789997,322.792],[7.81303647906,45.578845851120001,322.881],[7.81306422316,45.578839564699997,323.305],[7.81311778352,45.57880779728,325.548],[7.81313479878,45.578804025430003,325.966],[7.8131679073,45.578778292979997,327.321],[7.81320897862,45.578743340450004,328.839],[7.81324116513,45.578706879169999,330.038],[7.81326672994,45.578675279389998,330.873],[7.81332330778,45.578648122030003,331.465],[7.81333344989,45.578598752620003,332.538],[7.81332842074,45.578586766500003,333.074],[7.81330143102,45.578568745399998,333.998],[7.81315441243,45.578547958279998,335.812],[7.81305458397,45.578541001300003,336.792],[7.81295400113,45.578518370170002,338.617],[7.81285719015,45.578489787880002,340.668],[7.81283087097,45.57848400436,341.111],[7.81285719015,45.57845852338,342.276],[7.81289993785,45.578451734040001,342.405],[7.81292315573,45.578452656049997,342.238],[7.81303086318,45.578445447610001,342.071],[7.81309582293,45.578426001590003,342.561],[7.81322943047,45.578378643839997,343.356],[7.81327025034,45.578357521439997,343.804],[7.81338064,45.578244281929997,347.376],[7.8134396486,45.578235564750003,347.902],[7.81347594224,45.578241599720002,347.816],[7.81356420368,45.57824520394,348.004],[7.81359245069,45.578218465669998,349.068],[7.81360284425,45.578134227539998,352.138],[7.81360267662,45.578116793189999,352.765],[7.81360376626,45.578098353,353.433],[7.81362530775,45.57801520452,355.241],[7.81361851841,45.577993998300002,355.122],[7.81362581067,45.577965332200002,355.23],[7.81361198053,45.577966924759998,355.014],[7.8136180155,45.57796197943,355.108],[7.81368155032,45.577944796529998,356.066],[7.81381264329,45.577909927820002,357.867],[7.81398103572,45.577762071039999,359.489],[7.81402596273,45.577696356920001,359.588],[7.81403065659,45.577636091039999,359.022],[7.81401724555,45.577599881220003,358.389],[7.81399662606,45.577540285890002,357.374],[7.81398321502,45.577508518469998,356.79],[7.81397558749,45.577424112709998,356.731],[7.81396804377,45.577331744129999,356.77],[7.81395471655,45.577246081079998,356.618],[7.81392563134,45.577186318110002,356.762],[7.81389562413,45.577168799939997,356.497],[7.81384935603,45.577163938429997,355.906],[7.81376805156,45.577145582059998,355.356],[7.81371507794,45.577147593719999,354.593],[7.81365791336,45.577146001160003,353.904],[7.8136021737,45.577138960360003,353.581],[7.81354299746,45.577108701690001,354.915],[7.81351977959,45.577094284819999,355.626],[7.81349765137,45.577083220710001,356.21],[7.81341249123,45.577080287039998,356.528],[7.8133335337,45.577108534049998,354.958],[7.81328525394,45.577140720560003,352.988],[7.81324795447,45.577157903459998,351.936],[7.81322155148,45.577163770790001,351.577],[7.81318123452,45.577168716119999,351.275],[7.81316036358,45.577171817420002,351.085],[7.81308869831,45.57718170807,350.479],[7.81303455122,45.577189084140002,349.868],[7.81297118403,45.577197298409999,348.891],[7.81294209883,45.577197298409999,348.672],[7.81289474107,45.577200064439999,348.152],[7.81282458454,45.577203920110001,347.402],[7.81274395064,45.577193945650002,347.055],[7.81267832033,45.57719444856,345.917],[7.81262425706,45.57718916796,345.233],[7.81254831702,45.577179696409999,344.26],[7.81248302199,45.577165950089999,343.04],[7.81241051853,45.577158490199999,339.904],[7.81235528179,45.577140469100001,337.784],[7.81228981912,45.577114988120002,335.226],[7.81222837977,45.577087830750003,332.728],[7.81215394847,45.577047178519997,330.757],[7.81210893765,45.57702127844,329.721],[7.81207473949,45.576994875449998,329.121],[7.81205445528,45.576968640090001,329.024],[7.81203400344,45.57695740834,328.605],[7.8119752463,45.576923377809997,327.832],[7.81191112474,45.57689705864,327.297],[7.81187047251,45.576884150509997,327.114],[7.81184289604,45.576878702270001,326.862],[7.81175522134,45.576869901270001,325.729],[7.81166578643,45.576856490220003,324.781],[7.81162982807,45.576855232939998,324.063],[7.81157995574,45.576855065300002,322.999],[7.81154634431,45.576855652029998,322.255],[7.81153796241,45.576857663689999,321.998],[7.81150569208,45.576846431939998,321.723],[7.81146520749,45.576834948730003,321.246],[7.81144919805,45.576836625109998,320.832],[7.81143545173,45.576837714760003,320.489],[7.81141508371,45.576831260699997,320.254],[7.81137602404,45.576827069739998,319.466],[7.81133394688,45.576821956780002,318.52],[7.81126781367,45.576821034769999,316.802],[7.81120905653,45.576796140520003,315.884],[7.81119497493,45.57677191682,316.101],[7.81118709594,45.576750459149999,316.404],[7.81116278842,45.576621042559999,318.885],[7.81118701212,45.576594723390002,320.414],[7.81115407124,45.576486680659997,322.128],[7.81111056916,45.576407304029999,322.501],[7.81109757721,45.576379140839997,322.155],[7.81108483672,45.576330693439999,321.467],[7.81107134186,45.576292304319999,320.671],[7.81106388196,45.576271181929997,320.219],[7.81104988419,45.57626078837,319.29],[7.81104317866,45.576248299329997,318.857],[7.81103362329,45.576189793650002,318.296],[7.81101652421,45.576157355680003,317.137],[7.81095399521,45.575983179730002,315.753],[7.81094896607,45.575918219979997,317.073],[7.81087093055,45.575805986299997,316.335],[7.81084243208,45.575762232770003,315.122],[7.81081091613,45.575720407070001,313.383],[7.81078065746,45.57568277232,311.613],[7.81074788421,45.575655782600002,309.747],[7.81071762554,45.575619488949997,307.982],[7.81069708988,45.575597779829998,306.795],[7.81068476848,45.575564671309998,306.01],[7.81065568328,45.575513290240004,304.255],[7.81063213013,45.575469536710003,302.825],[7.81060279347,45.575438020749999,301.128],[7.81057898887,45.575391165909998,299.674],[7.81055686064,45.57533995248,298.294],[7.81053607352,45.575280524790003,297.308],[7.81051863916,45.575244817879998,297.217],[7.81049424782,45.575197627770002,297.045],[7.81048058532,45.575143983590003,297.319],[7.81047832221,45.575125124309999,297.509],[7.81047362834,45.575074581430002,298.061],[7.81046449207,45.575064606959998,297.804],[7.81042509712,45.575012052429997,296.739],[7.81038704328,45.574962766840002,295.913],[7.81035133637,45.574952289460001,294.357],[7.810350582,45.57490149513,295.29],[7.81031998806,45.574760343880001,296.082],[7.81029752456,45.574701419100002,295.408],[7.81024857424,45.574625395239998,293.751],[7.81016961671,45.574499918150003,292.096],[7.81014304608,45.574465887620001,291.48],[7.8101396095,45.574452057480002,291.469],[7.81012888066,45.57438768446,290.497],[7.81010784209,45.574260782449997,288.549],[7.81010415405,45.574247958139999,288.341],[7.81011748128,45.574242509900003,288.542],[7.81014304608,45.574236307290001,288.956],[7.81019384041,45.574193224310001,289.22],[7.8102228418,45.574134550990003,288.745],[7.81023239717,45.574088869619999,288.175],[7.81022200361,45.574001278730002,286.818],[7.81005807606,45.573901708960001,285.839],[7.81025,45.57311,284.296],[7.81041,45.57271,284.0],[7.81082,45.57194,283.063],[7.81123,45.57123,282.755],[7.81144,45.57083,283.0],[7.81168,45.57093,283.0],[7.81197,45.57106,283.109],[7.8121,45.57106,283.663],[7.81226,45.57077,285.531],[7.81266,45.57006,290.276],[7.81284,45.56978,291.057],[7.81309,45.56939,291.66],[7.81315,45.56915,289.52],[7.81331,45.56896,289.282],[7.81346,45.5687,287.382],[7.8137,45.56828,285.92],[7.81395,45.56795,288.791],[7.81437,45.56764,289.607],[7.81455,45.5674,288.523],[7.81473,45.56717,286.231],[7.81496,45.56701,284.396],[7.81515,45.56689,284.54],[7.81531,45.56664,285.02],[7.81549,45.56649,285.128],[7.81563,45.5664,285.029],[7.81606,45.56632,284.752],[7.81635,45.5663,284.405],[7.81655,45.56633,284.576],[7.817,45.5663,282.56],[7.81733,45.56621,279.6],[7.81773,45.5661,280.96],[7.81781,45.56569,279.484],[7.81794,45.56536,278.296],[7.81816,45.56497,277.892],[7.81845,45.5646,277.42],[7.81852,45.56443,277.654],[7.8184,45.56433,277.454],[7.81865,45.56436,277.891],[7.81885,45.56441,279.383],[7.81896,45.56443,280.572],[7.8191,45.56441,281.625],[7.81924,45.56448,282.608],[7.81943,45.56454,281.708],[7.81956,45.56457,280.756],[7.81966,45.56451,280.622],[7.81986,45.56449,279.597],[7.82008,45.56449,277.902],[7.82032,45.5644,275.976],[7.82079,45.56414,275.763],[7.82081,45.564,275.366],[7.82067,45.56339,275.0],[7.82115,45.56329,275.0],[7.82146,45.56318,275.0],[7.82207,45.56288,275.346],[7.8229,45.56247,275.0],[7.82407,45.56193,274.0],[7.82461,45.56168,274.0],[7.82522,45.56131,273.433],[7.82624,45.56071,273.258],[7.82686,45.56033,272.884],[7.8271,45.56019,272.861],[7.82726,45.56,273.408],[7.82728,45.55984,273.288],[7.82722,45.55959,272.944],[7.82722,45.55935,274.659],[7.82729,45.55925,276.205],[7.82751,45.55913,278.777],[7.82779,45.55892,279.234],[7.82791,45.55881,280.144],[7.82807,45.5588,281.732],[7.82842,45.55885,283.484],[7.82855,45.55882,284.312],[7.82871,45.5588,285.264],[7.82913,45.55886,286.972],[7.82957,45.55892,291.681],[7.82979,45.55887,293.715],[7.83021,45.55877,298.272],[7.83041,45.55874,300.135],[7.83095,45.55859,305.496],[7.83115,45.55848,307.07],[7.8313,45.55838,308.11],[7.8314,45.55819,308.168],[7.83147,45.558,308.085],[7.83145,45.55787,306.991],[7.83129,45.55774,304.708],[7.83107,45.55763,302.172],[7.83082,45.55754,300.0],[7.83059,45.55754,297.516],[7.83035,45.55753,294.808],[7.83042,45.55732,294.556],[7.83017,45.55724,292.288],[7.83019,45.55693,291.54],[7.83001,45.55685,291.42],[7.82986,45.55673,291.302],[7.82975,45.55642,291.288],[7.82958,45.55577,291.204],[7.82943,45.55531,293.646],[7.82928,45.55513,296.681],[7.82909,45.55503,295.937],[7.82893,45.55491,294.912],[7.82887,45.55472,294.871],[7.82891,45.55452,295.963],[7.8291,45.55443,297.156],[7.82928,45.55436,297.06],[7.82936,45.55418,294.716],[7.82938,45.55393,297.532],[7.82929,45.55369,298.954],[7.82911,45.55344,298.369],[7.82899,45.55322,296.523],[7.82898,45.55298,295.89],[7.82915,45.55254,295.43],[7.82954,45.55197,295.964],[7.82972,45.5516,300.464],[7.82977,45.55141,302.033],[7.82999,45.55131,303.238],[7.83032,45.55126,306.456],[7.83076,45.55127,310.472],[7.83109,45.55123,313.51],[7.83129,45.55114,315.909],[7.83166,45.55099,319.066],[7.83208,45.55093,323.119],[7.83239,45.55085,326.644],[7.83275,45.55076,327.947],[7.83299,45.55072,330.463],[7.83316,45.55067,332.671],[7.83339,45.55073,334.356],[7.83389,45.5507,339.494],[7.83421,45.55075,343.396],[7.83462,45.55084,351.241],[7.83501,45.55095,357.072],[7.83525,45.55076,358.193],[7.83534,45.55048,357.644],[7.83539,45.55041,358.535],[7.8356,45.55046,361.087],[7.83586,45.55045,361.292],[7.83614,45.5503,360.074],[7.83635,45.55014,354.98],[7.83658,45.54995,349.817],[7.83672,45.54979,344.464],[7.83704,45.54964,342.058],[7.83723,45.54945,339.265],[7.83749,45.54926,338.904],[7.83759,45.54915,337.743],[7.83764,45.54873,338.865],[7.83775,45.5485,342.16],[7.83789,45.54822,346.941],[7.83813,45.54795,342.756],[7.83825,45.54773,342.481],[7.83838,45.54749,340.07],[7.83849,45.54719,338.875],[7.83851,45.54703,336.483],[7.83865,45.54679,335.089],[7.83864,45.54671,333.534],[7.83861,45.54663,332.42],[7.83868,45.54647,334.073],[7.83875,45.54627,332.572],[7.83889,45.54607,327.298],[7.83885,45.54599,327.245],[7.83894,45.54595,326.057],[7.83901,45.54587,324.672],[7.83898,45.54582,322.624],[7.83889,45.54574,317.965],[7.83882,45.54567,319.737],[7.83889,45.54561,310.947],[7.83904,45.54562,312.442],[7.83919,45.54561,313.566],[7.83938,45.54547,312.6],[7.83959,45.54536,312.887],[7.83969,45.54524,306.26],[7.83983,45.54521,308.579],[7.83982,45.54508,302.795],[7.83976,45.54497,298.185],[7.83983,45.54492,298.959],[7.83981,45.54482,297.696],[7.8397,45.54469,293.503],[7.83962,45.5446,292.044],[7.83986,45.54424,292.657],[7.83996,45.54413,291.886],[7.84012,45.54393,295.088],[7.84026,45.54366,295.467],[7.84041,45.54339,295.603],[7.84048,45.54323,296.385],[7.84044,45.54301,297.161],[7.84053,45.54282,298.192],[7.84055,45.54267,296.842],[7.84052,45.54256,295.33],[7.84054,45.54246,295.048],[7.8408,45.54228,302.779],[7.84094,45.54221,307.716],[7.84101,45.54206,311.482],[7.84106,45.54189,314.1],[7.8412,45.5417,321.035],[7.84122,45.54156,324.446],[7.84141,45.54136,327.629],[7.84147,45.54125,328.42],[7.84165,45.54108,330.033],[7.84179,45.54099,334.876],[7.84198,45.54077,335.331],[7.84212,45.54071,340.159],[7.84218,45.54058,338.773],[7.84216,45.54051,338.549],[7.84203,45.54049,336.355],[7.84181,45.5404,333.629],[7.84173,45.54032,332.575],[7.84172,45.54024,332.869],[7.84179,45.54015,334.895],[7.84184,45.53995,334.327],[7.84189,45.53983,331.8],[7.84203,45.53978,332.409],[7.84213,45.53968,330.102],[7.84214,45.53955,325.432],[7.84207,45.53945,320.471],[7.84197,45.5394,319.871],[7.84177,45.53939,315.762],[7.84157,45.53937,311.584],[7.84139,45.53926,306.376],[7.84118,45.53925,302.816],[7.84099,45.53927,300.219],[7.84069,45.53928,297.628],[7.84049,45.53927,296.419],[7.84033,45.53926,294.14],[7.84017,45.53931,291.453],[7.8399,45.53938,288.851],[7.83972,45.53943,288.448],[7.8396,45.5394,285.64],[7.83946,45.53933,281.104],[7.83948,45.53927,279.232],[7.83948,45.53927,279.232],[7.83943,45.53922,276.772],[7.83929,45.53926,277.257],[7.83907,45.53925,275.835],[7.83873,45.5393,278.049],[7.83843,45.53924,271.464],[7.83823,45.53913,266.034],[7.83806,45.53902,265.489],[7.83811,45.53888,265.379],[7.83826,45.53868,265.365],[7.83859,45.53838,264.634],[7.83963,45.5372,264.0],[7.84,45.53674,263.0],[7.84018,45.53673,263.648],[7.84038,45.53671,263.689],[7.84071,45.53648,263.672],[7.84179,45.53579,263.0],[7.84258,45.53525,263.0],[7.84313,45.53498,263.0],[7.84323,45.53488,263.0],[7.84337,45.53473,262.74],[7.84379,45.5348,261.28],[7.84453,45.53489,261.814],[7.84513,45.53498,261.0],[7.84562,45.53505,262.669],[7.84581,45.53499,262.766],[7.84596,45.53493,262.837],[7.84641,45.53492,263.19],[7.84662,45.53489,263.315],[7.84679,45.53482,262.721],[7.84718,45.53479,263.085],[7.8475,45.53474,261.704],[7.84806,45.5345,261.416],[7.8482,45.53435,261.18],[7.84831,45.53405,260.916],[7.84844,45.53385,261.19],[7.84869,45.53382,261.788],[7.84891,45.53377,262.296],[7.84908,45.53359,262.324],[7.84918,45.53334,262.168],[7.84921,45.53302,262.556],[7.84924,45.53274,263.092],[7.84938,45.5325,262.0],[7.84958,45.5322,261.937],[7.84965,45.53184,261.642],[7.8497,45.53119,262.76],[7.84981,45.53087,264.264],[7.84998,45.53053,264.013],[7.84994,45.53022,264.45],[7.84999,45.52995,263.814],[7.85018,45.52947,262.152],[7.8506,45.5288,260.891],[7.85097,45.52819,260.968],[7.85126,45.52767,262.22],[7.85146,45.52704,263.256],[7.85168,45.52635,264.181],[7.85194,45.52601,264.624],[7.85206,45.52575,264.116],[7.85219,45.5254,262.829],[7.85244,45.52531,262.925],[7.85294,45.52525,263.9],[7.85382,45.52521,266.137],[7.85478,45.5252,268.218],[7.85528,45.52519,268.368],[7.8558,45.52512,267.364],[7.85614,45.52502,267.144],[7.85668,45.52507,266.312],[7.8569,45.52508,267.498],[7.85718,45.52474,267.717],[7.85716,45.5244,264.804],[7.85723,45.52412,264.191],[7.85715,45.52372,262.03],[7.85713,45.52345,261.281],[7.85719,45.52323,260.299],[7.85735,45.52283,259.633],[7.85739,45.52242,258.0],[7.85739,45.52218,257.94],[7.85736,45.52196,257.524],[7.85632,45.52156,257.153],[7.85697,45.52047,257.28],[7.85746,45.51971,256.144],[7.85866,45.51776,256.165],[7.85892,45.51701,256.112],[7.85926,45.51581,255.084],[7.85764,45.51571,255.5],[7.85835,45.51436,255.024],[7.85903,45.513,255.0],[7.85927,45.51249,255.0],[7.85943,45.51248,255.0],[7.85979,45.51049,254.0],[7.86069,45.5107,254.0],[7.86113,45.50961,253.068],[7.8614,45.50864,253.04],[7.8616,45.50781,253.0],[7.86165,45.50731,252.357],[7.86197,45.50688,252.092],[7.86187,45.5064,251.297],[7.86226,45.50565,251.0],[7.86258,45.50496,250.288],[7.86246,45.50446,250.144],[7.86249,45.50389,250.036],[7.86293,45.50368,250.136],[7.86394,45.50368,251.0],[7.86443,45.50344,250.416],[7.86485,45.50296,251.292],[7.86524,45.5028,252.864],[7.86517,45.50266,255.7],[7.86503,45.50253,255.458],[7.86496,45.50241,257.528],[7.86475,45.50225,256.44],[7.86444,45.50206,254.695],[7.86441,45.5019,256.084],[7.86438,45.50179,256.909],[7.86419,45.50163,254.095],[7.86407,45.50155,253.126],[7.86393,45.50144,251.658],[7.86382,45.50131,251.641],[7.8637,45.50111,251.957],[7.8637,45.50082,251.388],[7.86366,45.50054,251.906],[7.86365,45.50023,251.244],[7.86366,45.49997,251.929],[7.86369,45.49973,251.456],[7.86376,45.49947,253.653],[7.86382,45.49913,252.289],[7.86385,45.49877,253.028],[7.86376,45.49845,252.102],[7.86372,45.49815,251.525],[7.86371,45.49794,251.504],[7.86354,45.49761,250.193],[7.86354,45.49725,250.0],[7.86352,45.49687,249.24],[7.86353,45.49663,249.0],[7.86361,45.49618,249.003],[7.86367,45.49585,249.225],[7.86361,45.49561,248.196],[7.86337,45.49526,248.132],[7.86322,45.49493,247.851],[7.86325,45.49461,247.421],[7.86341,45.49432,247.477],[7.86371,45.49397,247.812],[7.86398,45.49357,248.328],[7.86421,45.49354,249.0],[7.86481,45.49351,249.751],[7.86547,45.49349,250.564],[7.8657549566,45.49355923529,251.531],[7.86592125356,45.493649484830001,252.549],[7.86613583028,45.493811181559998,253.948],[7.86666154325,45.494551972239996,263.386],[7.86684929788,45.494864079110002,270.092],[7.86677419603,45.49499945022,268.547],[7.86661326349,45.495221307740003,269.17],[7.86656498373,45.49529275319,270.167],[7.86653816164,45.495461965739999,271.101],[7.86651133955,45.495634938050003,271.811],[7.86648451746,45.495781588070002,272.216],[7.86653816164,45.495871834040003,272.899],[7.86660253465,45.49595455939,274.213],[7.8666776365,45.496010962969997,275.766],[7.8667956537,45.496022243680002,278.209],[7.86690294206,45.495999682259999,279.817],[7.86699413717,45.495935758190001,280.418],[7.86712824762,45.495837991819997,281.093],[7.86725162923,45.495740225280002,283.265],[7.86737501085,45.495634938050003,285.193],[7.86768078268,45.49561237647,288.711],[7.86803483427,45.495567253300003,290.282],[7.8681635803,45.495507089,292.904],[7.86842107236,45.495371719109997,295.116],[7.86873757303,45.495225068019998,294.145],[7.86917209089,45.495116019530002,296.199],[7.86932229459,45.495149862189997,296.695],[7.86951541364,45.495228828309997,296.182],[7.8698909229,45.49533787659,297.776],[7.87013232172,45.495409321890001,299.504],[7.87025033891,45.495431883549998,300.149],[7.87050246924,45.495554090479999,300.634],[7.87054002017,45.495775945810003,300.977],[7.87063121527,45.496016601450002,304.549],[7.87081360549,45.496251615730003,307.967],[7.87093966931,45.496375702869997,307.398],[7.87106841534,45.496415185079996,307.553],[7.8711730215,45.496411424869997,306.645],[7.87135809392,45.496353141589999,305.609],[7.87142783135,45.496345621160003,305.389],[7.87162363261,45.496341860949997,303.886],[7.87186503142,45.49644338665,301.091],[7.87234514683,45.49674044228,295.276],[7.87286013097,45.497067577679999,293.201],[7.87307470769,45.49715406144,289.459],[7.87325441569,45.49717098216,289.177],[7.87357359856,45.497157821599998,291.668],[7.87370770901,45.497157821599998,292.12],[7.87372648448,45.497176622399998,292.544],[7.87381767958,45.497191663030002,292.703],[7.87435143918,45.497304467649997,296.787],[7.87452310055,45.49699613448,294.86],[7.87464379996,45.496772403869997,291.974],[7.87472158402,45.496546792270003,287.404],[7.87477791041,45.49642834582,285.568],[7.87496030062,45.496332460410002,285.643],[7.87518828839,45.496206493060001,284.881],[7.87543236941,45.496159490250001,284.129],[7.87571400136,45.496136928879999,283.766],[7.8759044382,45.496133168649997,283.616],[7.87601440877,45.49611248739,282.395],[7.87615388364,45.496020361680003,281.673],[7.87657498777,45.495770307310003,282.948],[7.87656694382,45.495616134860001,284.287],[7.8765293929,45.495401799459998,285.695],[7.87652671069,45.495290871169999,286.836],[7.87655353278,45.495270189599999,287.59],[7.87683248252,45.495275830019999,289.395],[7.87695586413,45.495238227149997,288.721],[7.87720799178,45.494995688039999,287.96],[7.87730723351,45.494896039879997,291.51],[7.87730991304,45.494661021829998,294.231],[7.87724822491,45.49447112312,293.842],[7.87721872061,45.494358312830002,295.045],[7.87719726294,45.494224820349999,297.513],[7.87711947888,45.494066885179997,295.734],[7.87715702981,45.493893908049998,297.124],[7.87732332677,45.49378485698,299.675],[7.87735819548,45.493677685900003,298.625],[7.87714630097,45.493529150199997,295.075],[7.87705242366,45.493431379660002,296.515],[7.8770658347,45.493171910839997,302.326],[7.87700146168,45.493060978160003,302.944],[7.87714093655,45.492859794600001,307.187],[7.87732064456,45.492696214909998,306.076],[7.87746280164,45.492286323499997,299.923],[7.87735283107,45.49216786809,300.589],[7.87702023715,45.492134023639998,299.497],[7.87686735123,45.492134023639998,298.052],[7.87668227613,45.492081378549997,298.185],[7.87644356221,45.491855746280002,298.46],[7.87636041373,45.491694043940001,296.741],[7.87616729468,45.491472172530003,294.74],[7.87586152285,45.491261581910003,295.262],[7.87576496333,45.491199532739998,295.603],[7.87563889951,45.491103638429998,296.885],[7.87559598416,45.491090476449997,297.056],[7.87534385651,45.4909156099,298.38],[7.87512659758,45.49075390486,300.229],[7.87497907609,45.490680573349998,300.767],[7.87465721101,45.490599720559999,298.53],[7.87448018521,45.490614762950003,297.036],[7.87420123547,45.490669291579998,295.715],[7.87408321828,45.490661770389998,294.973],[7.87390082806,45.490607241749998,294.323],[7.8737023446,45.490528269149998,293.443],[7.87348776788,45.490441775219999,292.408],[7.87323832244,45.490362802379998,292.278],[7.87302642792,45.490295111290003,292.73],[7.87295400828,45.490257505099997,294.247],[7.87277430028,45.490146566669999,297.29],[7.87270145767,45.490093590550003,297.916],[7.87253,45.48996,297.497],[7.87224,45.48965,297.873],[7.87201,45.48935,297.048],[7.87189,45.4891,297.477],[7.87175,45.48897,297.928],[7.87144,45.48885,296.48],[7.87121,45.48877,295.974],[7.87108,45.48867,295.311],[7.87105,45.48841,295.905],[7.87085,45.4881,294.92],[7.87071,45.4878,296.567],[7.87052,45.48759,296.233],[7.87036,45.48746,296.997],[7.87006,45.48737,296.163],[7.86974,45.48726,295.541],[7.86959,45.48719,297.696],[7.8696,45.48711,301.979],[7.86984,45.48712,304.576],[7.87018,45.48721,304.698],[7.87044,45.48728,306.765],[7.87079,45.4873,310.578],[7.87095,45.48718,315.909],[7.87117,45.48682,322.956],[7.87131,45.48649,327.397],[7.87142,45.48627,330.668],[7.87199,45.48588,333.583],[7.87237,45.48568,333.691],[7.87265,45.48566,330.22],[7.87292,45.48549,324.585],[7.87322,45.48525,321.103],[7.87355,45.485,313.44],[7.87364,45.48476,312.122],[7.87359,45.48443,310.464],[7.87357,45.48414,306.337],[7.87371,45.48382,303.899],[7.87396,45.48349,301.228],[7.87395,45.48332,299.305],[7.8739,45.4831,298.878],[7.87398,45.48285,298.26],[7.87412,45.48283,298.188],[7.87424,45.48286,298.11],[7.87451,45.48282,297.119],[7.87487,45.48271,295.989],[7.87515,45.48263,295.793],[7.87568,45.4826,291.676],[7.87642,45.48265,280.426],[7.87713,45.48272,278.263],[7.87748,45.4828,273.122],[7.87775,45.48279,275.454],[7.87805,45.48265,279.22],[7.87827,45.48255,281.74],[7.87847,45.48247,283.156],[7.87874,45.48233,284.072],[7.87885,45.48214,283.7],[7.879,45.48172,285.262],[7.87915,45.4815,284.744],[7.87936,45.48128,285.0],[7.87938,45.48113,285.0],[7.87914,45.48097,285.0],[7.87869,45.48089,285.146],[7.87809,45.48064,283.132],[7.87752,45.48033,275.623],[7.87688,45.4802,275.832],[7.87646,45.48012,274.517],[7.87615,45.47991,273.303],[7.87605,45.47965,272.163],[7.87607,45.4793,272.443],[7.87585,45.47871,272.571],[7.8757,45.47828,275.671],[7.87573,45.478,275.367],[7.87592,45.4777,277.702],[7.87625,45.47736,277.764],[7.87637,45.47705,274.17],[7.87632,45.47679,273.623],[7.87611,45.47665,274.146],[7.87585,45.47651,277.467],[7.87566,45.47631,278.81],[7.87551,45.47612,272.4],[7.87527,45.47599,269.384],[7.87505,45.47584,266.144],[7.87497,45.47568,263.96],[7.87496,45.47524,259.639],[7.87498,45.47497,256.193],[7.87487,45.47483,256.545],[7.87464,45.47473,257.572],[7.87446,45.47458,256.911],[7.87433,45.47429,254.378],[7.87414,45.47396,250.181],[7.87389,45.47353,246.417],[7.87377,45.47317,246.385],[7.8737,45.47262,244.182],[7.87384,45.47216,243.725],[7.87402,45.47168,244.508],[7.87409,45.47143,244.533],[7.87406,45.47127,244.647],[7.87397,45.47097,243.993],[7.87386,45.47055,243.74],[7.87383,45.47024,244.578],[7.87387,45.47008,244.107],[7.87408,45.46998,244.072],[7.8745,45.46993,244.252],[7.87481,45.46994,244.78],[7.87514,45.46981,246.0],[7.87525,45.46968,246.836],[7.87503,45.46953,247.066],[7.87462,45.46921,248.164],[7.87411,45.46891,248.772],[7.87332,45.46846,250.584],[7.8729,45.46824,251.82],[7.87294,45.46779,253.584],[7.87318,45.46786,254.763],[7.87339,45.46781,256.747],[7.87349,45.46768,259.132],[7.87371,45.46758,259.191],[7.87394,45.46739,256.51],[7.87422,45.46723,250.759],[7.87449,45.46701,248.412],[7.8747,45.46683,246.621],[7.87481,45.46669,245.795],[7.87507,45.46677,245.744],[7.87535,45.46682,246.22],[7.87587,45.46691,247.876]]]}}
]
}
